"region","upplåtelseform","år","Antal"
"0305A0010","hyresrätt","2024",39
"0305A0010","bostadsrätt","2024",0
"0305A0010","äganderätt","2024",987
"0305A0010","uppgift saknas","2024",4
"0305B2010","hyresrätt","2024",170
"0305B2010","bostadsrätt","2024",112
"0305B2010","äganderätt","2024",571
"0305B2010","uppgift saknas","2024",0
"0305C1011","hyresrätt","2024",14
"0305C1011","bostadsrätt","2024",106
"0305C1011","äganderätt","2024",366
"0305C1011","uppgift saknas","2024",0
"0305C1012","hyresrätt","2024",7
"0305C1012","bostadsrätt","2024",26
"0305C1012","äganderätt","2024",538
"0305C1012","uppgift saknas","2024",0
"0305C1020","hyresrätt","2024",311
"0305C1020","bostadsrätt","2024",16
"0305C1020","äganderätt","2024",325
"0305C1020","uppgift saknas","2024",0
"0305C1030","hyresrätt","2024",413
"0305C1030","bostadsrätt","2024",248
"0305C1030","äganderätt","2024",707
"0305C1030","uppgift saknas","2024",0
"0305C1040","hyresrätt","2024",905
"0305C1040","bostadsrätt","2024",226
"0305C1040","äganderätt","2024",127
"0305C1040","uppgift saknas","2024",0
"0305C1050","hyresrätt","2024",19
"0305C1050","bostadsrätt","2024",128
"0305C1050","äganderätt","2024",646
"0305C1050","uppgift saknas","2024",0
"0305C1060","hyresrätt","2024",572
"0305C1060","bostadsrätt","2024",410
"0305C1060","äganderätt","2024",499
"0305C1060","uppgift saknas","2024",0
"0305C1070","hyresrätt","2024",2
"0305C1070","bostadsrätt","2024",120
"0305C1070","äganderätt","2024",518
"0305C1070","uppgift saknas","2024",0
"0305C1080","hyresrätt","2024",129
"0305C1080","bostadsrätt","2024",133
"0305C1080","äganderätt","2024",391
"0305C1080","uppgift saknas","2024",0
"Håbo (Centrala Bålsta-Mansängen)","hyresrätt","2024",905
"Håbo (Centrala Bålsta-Mansängen)","bostadsrätt","2024",226
"Håbo (Centrala Bålsta-Mansängen)","äganderätt","2024",127
"Håbo (Centrala Bålsta-Mansängen)","uppgift saknas","2024",0
"Håbo (Dyarne-Fånäs-Kalmarsand)","hyresrätt","2024",311
"Håbo (Dyarne-Fånäs-Kalmarsand)","bostadsrätt","2024",16
"Håbo (Dyarne-Fånäs-Kalmarsand)","äganderätt","2024",325
"Håbo (Dyarne-Fånäs-Kalmarsand)","uppgift saknas","2024",0
"Håbo (Håbo landsbygd)","hyresrätt","2024",39
"Håbo (Håbo landsbygd)","bostadsrätt","2024",0
"Håbo (Håbo landsbygd)","äganderätt","2024",987
"Håbo (Håbo landsbygd)","uppgift saknas","2024",4
"Håbo (Norra Ullevi-Södra Ullevi-Åsen)","hyresrätt","2024",2
"Håbo (Norra Ullevi-Södra Ullevi-Åsen)","bostadsrätt","2024",120
"Håbo (Norra Ullevi-Södra Ullevi-Åsen)","äganderätt","2024",518
"Håbo (Norra Ullevi-Södra Ullevi-Åsen)","uppgift saknas","2024",0
"Håbo (Skörby-Gillmarken-Åkerby)","hyresrätt","2024",19
"Håbo (Skörby-Gillmarken-Åkerby)","bostadsrätt","2024",128
"Håbo (Skörby-Gillmarken-Åkerby)","äganderätt","2024",646
"Håbo (Skörby-Gillmarken-Åkerby)","uppgift saknas","2024",0
"Håbo (Slottsskogen-Söderskogen)","hyresrätt","2024",170
"Håbo (Slottsskogen-Söderskogen)","bostadsrätt","2024",112
"Håbo (Slottsskogen-Söderskogen)","äganderätt","2024",571
"Håbo (Slottsskogen-Söderskogen)","uppgift saknas","2024",0
"Håbo (Södra Bålsta-Kalmar landsbygd)","hyresrätt","2024",21
"Håbo (Södra Bålsta-Kalmar landsbygd)","bostadsrätt","2024",132
"Håbo (Södra Bålsta-Kalmar landsbygd)","äganderätt","2024",904
"Håbo (Södra Bålsta-Kalmar landsbygd)","uppgift saknas","2024",0
"Håbo (Västerdalen-Eneby-Väppebyberget)","hyresrätt","2024",413
"Håbo (Västerdalen-Eneby-Väppebyberget)","bostadsrätt","2024",248
"Håbo (Västerdalen-Eneby-Väppebyberget)","äganderätt","2024",707
"Håbo (Västerdalen-Eneby-Väppebyberget)","uppgift saknas","2024",0
"Håbo (Västerhagen-Västerängen)","hyresrätt","2024",572
"Håbo (Västerhagen-Västerängen)","bostadsrätt","2024",410
"Håbo (Västerhagen-Västerängen)","äganderätt","2024",499
"Håbo (Västerhagen-Västerängen)","uppgift saknas","2024",0
"Håbo (Västerskog-Graneberg)","hyresrätt","2024",129
"Håbo (Västerskog-Graneberg)","bostadsrätt","2024",133
"Håbo (Västerskog-Graneberg)","äganderätt","2024",391
"Håbo (Västerskog-Graneberg)","uppgift saknas","2024",0
"0319A0010","hyresrätt","2024",131
"0319A0010","bostadsrätt","2024",20
"0319A0010","äganderätt","2024",626
"0319A0010","uppgift saknas","2024",1
"0319B2010","hyresrätt","2024",246
"0319B2010","bostadsrätt","2024",48
"0319B2010","äganderätt","2024",509
"0319B2010","uppgift saknas","2024",1
"0319C1010","hyresrätt","2024",139
"0319C1010","bostadsrätt","2024",6
"0319C1010","äganderätt","2024",690
"0319C1010","uppgift saknas","2024",0
"0319C1020","hyresrätt","2024",825
"0319C1020","bostadsrätt","2024",66
"0319C1020","äganderätt","2024",427
"0319C1020","uppgift saknas","2024",0
"0319C1030","hyresrätt","2024",286
"0319C1030","bostadsrätt","2024",151
"0319C1030","äganderätt","2024",576
"0319C1030","uppgift saknas","2024",0
"Älvkarleby (Skutskär centrala-Skutskär nordvästra)","hyresrätt","2024",825
"Älvkarleby (Skutskär centrala-Skutskär nordvästra)","bostadsrätt","2024",66
"Älvkarleby (Skutskär centrala-Skutskär nordvästra)","äganderätt","2024",427
"Älvkarleby (Skutskär centrala-Skutskär nordvästra)","uppgift saknas","2024",0
"Älvkarleby (Skutskär nordöstra)","hyresrätt","2024",286
"Älvkarleby (Skutskär nordöstra)","bostadsrätt","2024",151
"Älvkarleby (Skutskär nordöstra)","äganderätt","2024",576
"Älvkarleby (Skutskär nordöstra)","uppgift saknas","2024",0
"Älvkarleby (Skutskär södra)","hyresrätt","2024",139
"Älvkarleby (Skutskär södra)","bostadsrätt","2024",6
"Älvkarleby (Skutskär södra)","äganderätt","2024",690
"Älvkarleby (Skutskär södra)","uppgift saknas","2024",0
"Älvkarleby (Älvkarleby)","hyresrätt","2024",246
"Älvkarleby (Älvkarleby)","bostadsrätt","2024",48
"Älvkarleby (Älvkarleby)","äganderätt","2024",509
"Älvkarleby (Älvkarleby)","uppgift saknas","2024",1
"Älvkarleby (Älvkarlebys omland)","hyresrätt","2024",131
"Älvkarleby (Älvkarlebys omland)","bostadsrätt","2024",20
"Älvkarleby (Älvkarlebys omland)","äganderätt","2024",626
"Älvkarleby (Älvkarlebys omland)","uppgift saknas","2024",1
"0330A0010","hyresrätt","2024",56
"0330A0010","bostadsrätt","2024",0
"0330A0010","äganderätt","2024",618
"0330A0010","uppgift saknas","2024",2
"0330A0020","hyresrätt","2024",41
"0330A0020","bostadsrätt","2024",0
"0330A0020","äganderätt","2024",865
"0330A0020","uppgift saknas","2024",10
"0330A0030","hyresrätt","2024",8
"0330A0030","bostadsrätt","2024",0
"0330A0030","äganderätt","2024",466
"0330A0030","uppgift saknas","2024",2
"0330C1010","hyresrätt","2024",415
"0330C1010","bostadsrätt","2024",237
"0330C1010","äganderätt","2024",242
"0330C1010","uppgift saknas","2024",9
"0330C1020","hyresrätt","2024",769
"0330C1020","bostadsrätt","2024",501
"0330C1020","äganderätt","2024",404
"0330C1020","uppgift saknas","2024",9
"0330C1031","hyresrätt","2024",0
"0330C1031","bostadsrätt","2024",420
"0330C1031","äganderätt","2024",142
"0330C1031","uppgift saknas","2024",0
"0330C1032","hyresrätt","2024",880
"0330C1032","bostadsrätt","2024",519
"0330C1032","äganderätt","2024",51
"0330C1032","uppgift saknas","2024",0
"0330C1040","hyresrätt","2024",26
"0330C1040","bostadsrätt","2024",164
"0330C1040","äganderätt","2024",492
"0330C1040","uppgift saknas","2024",0
"0330C1050","hyresrätt","2024",2
"0330C1050","bostadsrätt","2024",206
"0330C1050","äganderätt","2024",241
"0330C1050","uppgift saknas","2024",0
"0330C1060","hyresrätt","2024",121
"0330C1060","bostadsrätt","2024",40
"0330C1060","äganderätt","2024",344
"0330C1060","uppgift saknas","2024",0
"0330C1070","hyresrätt","2024",134
"0330C1070","bostadsrätt","2024",309
"0330C1070","äganderätt","2024",355
"0330C1070","uppgift saknas","2024",0
"Knivsta (Alsike norra)","hyresrätt","2024",134
"Knivsta (Alsike norra)","bostadsrätt","2024",309
"Knivsta (Alsike norra)","äganderätt","2024",355
"Knivsta (Alsike norra)","uppgift saknas","2024",0
"Knivsta (Alsike östra)","hyresrätt","2024",123
"Knivsta (Alsike östra)","bostadsrätt","2024",246
"Knivsta (Alsike östra)","äganderätt","2024",585
"Knivsta (Alsike östra)","uppgift saknas","2024",0
"Knivsta (Knivsta centrala)","hyresrätt","2024",880
"Knivsta (Knivsta centrala)","bostadsrätt","2024",939
"Knivsta (Knivsta centrala)","äganderätt","2024",193
"Knivsta (Knivsta centrala)","uppgift saknas","2024",0
"Knivsta (Knivsta södra)","hyresrätt","2024",415
"Knivsta (Knivsta södra)","bostadsrätt","2024",237
"Knivsta (Knivsta södra)","äganderätt","2024",242
"Knivsta (Knivsta södra)","uppgift saknas","2024",9
"Knivsta (Knivsta västra)","hyresrätt","2024",769
"Knivsta (Knivsta västra)","bostadsrätt","2024",501
"Knivsta (Knivsta västra)","äganderätt","2024",404
"Knivsta (Knivsta västra)","uppgift saknas","2024",9
"Knivsta (Knivsta östra)","hyresrätt","2024",26
"Knivsta (Knivsta östra)","bostadsrätt","2024",164
"Knivsta (Knivsta östra)","äganderätt","2024",492
"Knivsta (Knivsta östra)","uppgift saknas","2024",0
"Knivsta (Lagga-Långhundra)","hyresrätt","2024",49
"Knivsta (Lagga-Långhundra)","bostadsrätt","2024",0
"Knivsta (Lagga-Långhundra)","äganderätt","2024",1331
"Knivsta (Lagga-Långhundra)","uppgift saknas","2024",12
"Knivsta (Vassunda)","hyresrätt","2024",56
"Knivsta (Vassunda)","bostadsrätt","2024",0
"Knivsta (Vassunda)","äganderätt","2024",618
"Knivsta (Vassunda)","uppgift saknas","2024",2
"0331A0010","hyresrätt","2024",55
"0331A0010","bostadsrätt","2024",30
"0331A0010","äganderätt","2024",395
"0331A0010","uppgift saknas","2024",0
"0331A0020","hyresrätt","2024",89
"0331A0020","bostadsrätt","2024",14
"0331A0020","äganderätt","2024",731
"0331A0020","uppgift saknas","2024",0
"0331A0030","hyresrätt","2024",165
"0331A0030","bostadsrätt","2024",10
"0331A0030","äganderätt","2024",558
"0331A0030","uppgift saknas","2024",0
"0331A0040","hyresrätt","2024",5
"0331A0040","bostadsrätt","2024",39
"0331A0040","äganderätt","2024",356
"0331A0040","uppgift saknas","2024",0
"0331A0050","hyresrätt","2024",3
"0331A0050","bostadsrätt","2024",0
"0331A0050","äganderätt","2024",418
"0331A0050","uppgift saknas","2024",0
"0331B2010","hyresrätt","2024",389
"0331B2010","bostadsrätt","2024",63
"0331B2010","äganderätt","2024",549
"0331B2010","uppgift saknas","2024",0
"0331B3010","hyresrätt","2024",293
"0331B3010","bostadsrätt","2024",149
"0331B3010","äganderätt","2024",358
"0331B3010","uppgift saknas","2024",0
"0331B4010","hyresrätt","2024",301
"0331B4010","bostadsrätt","2024",20
"0331B4010","äganderätt","2024",392
"0331B4010","uppgift saknas","2024",0
"0331C1010","hyresrätt","2024",322
"0331C1010","bostadsrätt","2024",98
"0331C1010","äganderätt","2024",429
"0331C1010","uppgift saknas","2024",0
"0331C1020","hyresrätt","2024",209
"0331C1020","bostadsrätt","2024",157
"0331C1020","äganderätt","2024",324
"0331C1020","uppgift saknas","2024",0
"Heby (Heby omland)","hyresrätt","2024",89
"Heby (Heby omland)","bostadsrätt","2024",14
"Heby (Heby omland)","äganderätt","2024",731
"Heby (Heby omland)","uppgift saknas","2024",0
"Heby (Heby västra)","hyresrätt","2024",322
"Heby (Heby västra)","bostadsrätt","2024",98
"Heby (Heby västra)","äganderätt","2024",429
"Heby (Heby västra)","uppgift saknas","2024",0
"Heby (Heby östra)","hyresrätt","2024",209
"Heby (Heby östra)","bostadsrätt","2024",157
"Heby (Heby östra)","äganderätt","2024",324
"Heby (Heby östra)","uppgift saknas","2024",0
"Heby (Morgongåva tätort)","hyresrätt","2024",293
"Heby (Morgongåva tätort)","bostadsrätt","2024",149
"Heby (Morgongåva tätort)","äganderätt","2024",358
"Heby (Morgongåva tätort)","uppgift saknas","2024",0
"Heby (Nora-Harbo omland)","hyresrätt","2024",170
"Heby (Nora-Harbo omland)","bostadsrätt","2024",49
"Heby (Nora-Harbo omland)","äganderätt","2024",914
"Heby (Nora-Harbo omland)","uppgift saknas","2024",0
"Heby (Tärnsjö tätort)","hyresrätt","2024",301
"Heby (Tärnsjö tätort)","bostadsrätt","2024",20
"Heby (Tärnsjö tätort)","äganderätt","2024",392
"Heby (Tärnsjö tätort)","uppgift saknas","2024",0
"Heby (Vittinge omland)","hyresrätt","2024",55
"Heby (Vittinge omland)","bostadsrätt","2024",30
"Heby (Vittinge omland)","äganderätt","2024",395
"Heby (Vittinge omland)","uppgift saknas","2024",0
"Heby (Östervåla omland)","hyresrätt","2024",3
"Heby (Östervåla omland)","bostadsrätt","2024",0
"Heby (Östervåla omland)","äganderätt","2024",418
"Heby (Östervåla omland)","uppgift saknas","2024",0
"Heby (Östervåla tätort)","hyresrätt","2024",389
"Heby (Östervåla tätort)","bostadsrätt","2024",63
"Heby (Östervåla tätort)","äganderätt","2024",549
"Heby (Östervåla tätort)","uppgift saknas","2024",0
"0360A0010","hyresrätt","2024",39
"0360A0010","bostadsrätt","2024",0
"0360A0010","äganderätt","2024",396
"0360A0010","uppgift saknas","2024",0
"0360A0020","hyresrätt","2024",89
"0360A0020","bostadsrätt","2024",14
"0360A0020","äganderätt","2024",455
"0360A0020","uppgift saknas","2024",0
"0360A0030","hyresrätt","2024",166
"0360A0030","bostadsrätt","2024",39
"0360A0030","äganderätt","2024",423
"0360A0030","uppgift saknas","2024",0
"0360A0040","hyresrätt","2024",108
"0360A0040","bostadsrätt","2024",17
"0360A0040","äganderätt","2024",708
"0360A0040","uppgift saknas","2024",0
"0360A0050","hyresrätt","2024",200
"0360A0050","bostadsrätt","2024",55
"0360A0050","äganderätt","2024",590
"0360A0050","uppgift saknas","2024",2
"0360A0060","hyresrätt","2024",43
"0360A0060","bostadsrätt","2024",0
"0360A0060","äganderätt","2024",443
"0360A0060","uppgift saknas","2024",1
"0360A0070","hyresrätt","2024",50
"0360A0070","bostadsrätt","2024",0
"0360A0070","äganderätt","2024",449
"0360A0070","uppgift saknas","2024",2
"0360B2010","hyresrätt","2024",464
"0360B2010","bostadsrätt","2024",185
"0360B2010","äganderätt","2024",564
"0360B2010","uppgift saknas","2024",0
"0360B3010","hyresrätt","2024",469
"0360B3010","bostadsrätt","2024",48
"0360B3010","äganderätt","2024",356
"0360B3010","uppgift saknas","2024",0
"0360B4010","hyresrätt","2024",337
"0360B4010","bostadsrätt","2024",0
"0360B4010","äganderätt","2024",397
"0360B4010","uppgift saknas","2024",0
"0360C1010","hyresrätt","2024",1013
"0360C1010","bostadsrätt","2024",391
"0360C1010","äganderätt","2024",261
"0360C1010","uppgift saknas","2024",0
"0360C1020","hyresrätt","2024",436
"0360C1020","bostadsrätt","2024",235
"0360C1020","äganderätt","2024",422
"0360C1020","uppgift saknas","2024",0
"0360C1030","hyresrätt","2024",165
"0360C1030","bostadsrätt","2024",162
"0360C1030","äganderätt","2024",299
"0360C1030","uppgift saknas","2024",0
"Tierp (Karlholm)","hyresrätt","2024",337
"Tierp (Karlholm)","bostadsrätt","2024",0
"Tierp (Karlholm)","äganderätt","2024",397
"Tierp (Karlholm)","uppgift saknas","2024",0
"Tierp (Mehedeby-Tobo)","hyresrätt","2024",274
"Tierp (Mehedeby-Tobo)","bostadsrätt","2024",56
"Tierp (Mehedeby-Tobo)","äganderätt","2024",1131
"Tierp (Mehedeby-Tobo)","uppgift saknas","2024",0
"Tierp (Månkarbo-Vendel)","hyresrätt","2024",128
"Tierp (Månkarbo-Vendel)","bostadsrätt","2024",14
"Tierp (Månkarbo-Vendel)","äganderätt","2024",851
"Tierp (Månkarbo-Vendel)","uppgift saknas","2024",0
"Tierp (Skärplinge-Hållnäs)","hyresrätt","2024",250
"Tierp (Skärplinge-Hållnäs)","bostadsrätt","2024",55
"Tierp (Skärplinge-Hållnäs)","äganderätt","2024",1039
"Tierp (Skärplinge-Hållnäs)","uppgift saknas","2024",4
"Tierp (Söderfors)","hyresrätt","2024",469
"Tierp (Söderfors)","bostadsrätt","2024",48
"Tierp (Söderfors)","äganderätt","2024",356
"Tierp (Söderfors)","uppgift saknas","2024",0
"Tierp (Tierp Centrum-Tierp Norra)","hyresrätt","2024",601
"Tierp (Tierp Centrum-Tierp Norra)","bostadsrätt","2024",397
"Tierp (Tierp Centrum-Tierp Norra)","äganderätt","2024",721
"Tierp (Tierp Centrum-Tierp Norra)","uppgift saknas","2024",0
"Tierp (Tierp Södra)","hyresrätt","2024",1013
"Tierp (Tierp Södra)","bostadsrätt","2024",391
"Tierp (Tierp Södra)","äganderätt","2024",261
"Tierp (Tierp Södra)","uppgift saknas","2024",0
"Tierp (Västland)","hyresrätt","2024",43
"Tierp (Västland)","bostadsrätt","2024",0
"Tierp (Västland)","äganderätt","2024",443
"Tierp (Västland)","uppgift saknas","2024",1
"Tierp (Örbyhus)","hyresrätt","2024",464
"Tierp (Örbyhus)","bostadsrätt","2024",185
"Tierp (Örbyhus)","äganderätt","2024",564
"Tierp (Örbyhus)","uppgift saknas","2024",0
"0380A0010","hyresrätt","2024",58
"0380A0010","bostadsrätt","2024",0
"0380A0010","äganderätt","2024",562
"0380A0010","uppgift saknas","2024",0
"0380A0020","hyresrätt","2024",81
"0380A0020","bostadsrätt","2024",26
"0380A0020","äganderätt","2024",936
"0380A0020","uppgift saknas","2024",1
"0380A0030","hyresrätt","2024",94
"0380A0030","bostadsrätt","2024",39
"0380A0030","äganderätt","2024",620
"0380A0030","uppgift saknas","2024",0
"0380A0040","hyresrätt","2024",43
"0380A0040","bostadsrätt","2024",0
"0380A0040","äganderätt","2024",743
"0380A0040","uppgift saknas","2024",3
"0380A0050","hyresrätt","2024",158
"0380A0050","bostadsrätt","2024",15
"0380A0050","äganderätt","2024",692
"0380A0050","uppgift saknas","2024",0
"0380A0060","hyresrätt","2024",51
"0380A0060","bostadsrätt","2024",0
"0380A0060","äganderätt","2024",682
"0380A0060","uppgift saknas","2024",1
"0380A0070","hyresrätt","2024",60
"0380A0070","bostadsrätt","2024",45
"0380A0070","äganderätt","2024",528
"0380A0070","uppgift saknas","2024",0
"0380A0080","hyresrätt","2024",172
"0380A0080","bostadsrätt","2024",99
"0380A0080","äganderätt","2024",341
"0380A0080","uppgift saknas","2024",4
"0380A0090","hyresrätt","2024",32
"0380A0090","bostadsrätt","2024",18
"0380A0090","äganderätt","2024",469
"0380A0090","uppgift saknas","2024",0
"0380A0100","hyresrätt","2024",51
"0380A0100","bostadsrätt","2024",73
"0380A0100","äganderätt","2024",352
"0380A0100","uppgift saknas","2024",1
"0380A0110","hyresrätt","2024",5
"0380A0110","bostadsrätt","2024",0
"0380A0110","äganderätt","2024",382
"0380A0110","uppgift saknas","2024",0
"0380A0120","hyresrätt","2024",42
"0380A0120","bostadsrätt","2024",0
"0380A0120","äganderätt","2024",882
"0380A0120","uppgift saknas","2024",0
"0380A0130","hyresrätt","2024",22
"0380A0130","bostadsrätt","2024",0
"0380A0130","äganderätt","2024",667
"0380A0130","uppgift saknas","2024",2
"0380A0140","hyresrätt","2024",42
"0380A0140","bostadsrätt","2024",0
"0380A0140","äganderätt","2024",588
"0380A0140","uppgift saknas","2024",0
"0380A0150","hyresrätt","2024",37
"0380A0150","bostadsrätt","2024",39
"0380A0150","äganderätt","2024",935
"0380A0150","uppgift saknas","2024",5
"0380A0160","hyresrätt","2024",98
"0380A0160","bostadsrätt","2024",52
"0380A0160","äganderätt","2024",855
"0380A0160","uppgift saknas","2024",0
"0380B2010","hyresrätt","2024",105
"0380B2010","bostadsrätt","2024",149
"0380B2010","äganderätt","2024",358
"0380B2010","uppgift saknas","2024",0
"0380B2020","hyresrätt","2024",17
"0380B2020","bostadsrätt","2024",0
"0380B2020","äganderätt","2024",340
"0380B2020","uppgift saknas","2024",0
"0380B2030","hyresrätt","2024",39
"0380B2030","bostadsrätt","2024",0
"0380B2030","äganderätt","2024",563
"0380B2030","uppgift saknas","2024",0
"0380B2040","hyresrätt","2024",135
"0380B2040","bostadsrätt","2024",64
"0380B2040","äganderätt","2024",431
"0380B2040","uppgift saknas","2024",0
"0380B3010","hyresrätt","2024",2
"0380B3010","bostadsrätt","2024",0
"0380B3010","äganderätt","2024",472
"0380B3010","uppgift saknas","2024",0
"0380B3020","hyresrätt","2024",81
"0380B3020","bostadsrätt","2024",42
"0380B3020","äganderätt","2024",320
"0380B3020","uppgift saknas","2024",0
"0380B3030","hyresrätt","2024",16
"0380B3030","bostadsrätt","2024",0
"0380B3030","äganderätt","2024",480
"0380B3030","uppgift saknas","2024",0
"0380B4010","hyresrätt","2024",43
"0380B4010","bostadsrätt","2024",66
"0380B4010","äganderätt","2024",527
"0380B4010","uppgift saknas","2024",0
"0380B4020","hyresrätt","2024",168
"0380B4020","bostadsrätt","2024",42
"0380B4020","äganderätt","2024",491
"0380B4020","uppgift saknas","2024",0
"0380B5011","hyresrätt","2024",129
"0380B5011","bostadsrätt","2024",84
"0380B5011","äganderätt","2024",336
"0380B5011","uppgift saknas","2024",0
"0380B5012","hyresrätt","2024",83
"0380B5012","bostadsrätt","2024",44
"0380B5012","äganderätt","2024",455
"0380B5012","uppgift saknas","2024",0
"0380B6011","hyresrätt","2024",47
"0380B6011","bostadsrätt","2024",55
"0380B6011","äganderätt","2024",185
"0380B6011","uppgift saknas","2024",0
"0380B6012","hyresrätt","2024",11
"0380B6012","bostadsrätt","2024",26
"0380B6012","äganderätt","2024",204
"0380B6012","uppgift saknas","2024",0
"0380B7010","hyresrätt","2024",113
"0380B7010","bostadsrätt","2024",6
"0380B7010","äganderätt","2024",461
"0380B7010","uppgift saknas","2024",0
"0380B8010","hyresrätt","2024",133
"0380B8010","bostadsrätt","2024",71
"0380B8010","äganderätt","2024",343
"0380B8010","uppgift saknas","2024",0
"0380C1010","hyresrätt","2024",7
"0380C1010","bostadsrätt","2024",0
"0380C1010","äganderätt","2024",347
"0380C1010","uppgift saknas","2024",0
"0380C1020","hyresrätt","2024",41
"0380C1020","bostadsrätt","2024",29
"0380C1020","äganderätt","2024",458
"0380C1020","uppgift saknas","2024",0
"0380C1030","hyresrätt","2024",60
"0380C1030","bostadsrätt","2024",0
"0380C1030","äganderätt","2024",481
"0380C1030","uppgift saknas","2024",0
"0380C1040","hyresrätt","2024",30
"0380C1040","bostadsrätt","2024",88
"0380C1040","äganderätt","2024",454
"0380C1040","uppgift saknas","2024",0
"0380C1050","hyresrätt","2024",36
"0380C1050","bostadsrätt","2024",218
"0380C1050","äganderätt","2024",472
"0380C1050","uppgift saknas","2024",0
"0380C1060","hyresrätt","2024",238
"0380C1060","bostadsrätt","2024",33
"0380C1060","äganderätt","2024",322
"0380C1060","uppgift saknas","2024",0
"0380C1070","hyresrätt","2024",571
"0380C1070","bostadsrätt","2024",81
"0380C1070","äganderätt","2024",0
"0380C1070","uppgift saknas","2024",0
"0380C1080","hyresrätt","2024",114
"0380C1080","bostadsrätt","2024",429
"0380C1080","äganderätt","2024",0
"0380C1080","uppgift saknas","2024",0
"0380C1090","hyresrätt","2024",0
"0380C1090","bostadsrätt","2024",360
"0380C1090","äganderätt","2024",51
"0380C1090","uppgift saknas","2024",0
"0380C1100","hyresrätt","2024",619
"0380C1100","bostadsrätt","2024",0
"0380C1100","äganderätt","2024",0
"0380C1100","uppgift saknas","2024",0
"0380C1110","hyresrätt","2024",470
"0380C1110","bostadsrätt","2024",483
"0380C1110","äganderätt","2024",0
"0380C1110","uppgift saknas","2024",0
"0380C1120","hyresrätt","2024",9
"0380C1120","bostadsrätt","2024",0
"0380C1120","äganderätt","2024",306
"0380C1120","uppgift saknas","2024",0
"0380C1130","hyresrätt","2024",601
"0380C1130","bostadsrätt","2024",0
"0380C1130","äganderätt","2024",0
"0380C1130","uppgift saknas","2024",0
"0380C1140","hyresrätt","2024",434
"0380C1140","bostadsrätt","2024",315
"0380C1140","äganderätt","2024",0
"0380C1140","uppgift saknas","2024",0
"0380C1150","hyresrätt","2024",739
"0380C1150","bostadsrätt","2024",0
"0380C1150","äganderätt","2024",19
"0380C1150","uppgift saknas","2024",0
"0380C1160","hyresrätt","2024",668
"0380C1160","bostadsrätt","2024",0
"0380C1160","äganderätt","2024",0
"0380C1160","uppgift saknas","2024",0
"0380C1170","hyresrätt","2024",166
"0380C1170","bostadsrätt","2024",153
"0380C1170","äganderätt","2024",144
"0380C1170","uppgift saknas","2024",0
"0380C1180","hyresrätt","2024",444
"0380C1180","bostadsrätt","2024",177
"0380C1180","äganderätt","2024",47
"0380C1180","uppgift saknas","2024",0
"0380C1190","hyresrätt","2024",147
"0380C1190","bostadsrätt","2024",358
"0380C1190","äganderätt","2024",114
"0380C1190","uppgift saknas","2024",0
"0380C1200","hyresrätt","2024",5
"0380C1200","bostadsrätt","2024",20
"0380C1200","äganderätt","2024",382
"0380C1200","uppgift saknas","2024",0
"0380C1211","hyresrätt","2024",485
"0380C1211","bostadsrätt","2024",70
"0380C1211","äganderätt","2024",0
"0380C1211","uppgift saknas","2024",0
"0380C1212","hyresrätt","2024",137
"0380C1212","bostadsrätt","2024",197
"0380C1212","äganderätt","2024",260
"0380C1212","uppgift saknas","2024",0
"0380C1213","hyresrätt","2024",719
"0380C1213","bostadsrätt","2024",256
"0380C1213","äganderätt","2024",38
"0380C1213","uppgift saknas","2024",0
"0380C1220","hyresrätt","2024",20
"0380C1220","bostadsrätt","2024",0
"0380C1220","äganderätt","2024",462
"0380C1220","uppgift saknas","2024",3
"0380C1230","hyresrätt","2024",51
"0380C1230","bostadsrätt","2024",16
"0380C1230","äganderätt","2024",449
"0380C1230","uppgift saknas","2024",0
"0380C1240","hyresrätt","2024",5
"0380C1240","bostadsrätt","2024",160
"0380C1240","äganderätt","2024",376
"0380C1240","uppgift saknas","2024",0
"0380C1250","hyresrätt","2024",86
"0380C1250","bostadsrätt","2024",309
"0380C1250","äganderätt","2024",259
"0380C1250","uppgift saknas","2024",0
"0380C1260","hyresrätt","2024",304
"0380C1260","bostadsrätt","2024",1083
"0380C1260","äganderätt","2024",167
"0380C1260","uppgift saknas","2024",0
"0380C1270","hyresrätt","2024",17
"0380C1270","bostadsrätt","2024",18
"0380C1270","äganderätt","2024",296
"0380C1270","uppgift saknas","2024",0
"0380C1280","hyresrätt","2024",7
"0380C1280","bostadsrätt","2024",0
"0380C1280","äganderätt","2024",373
"0380C1280","uppgift saknas","2024",0
"0380C1290","hyresrätt","2024",330
"0380C1290","bostadsrätt","2024",522
"0380C1290","äganderätt","2024",15
"0380C1290","uppgift saknas","2024",0
"0380C1300","hyresrätt","2024",283
"0380C1300","bostadsrätt","2024",398
"0380C1300","äganderätt","2024",0
"0380C1300","uppgift saknas","2024",0
"0380C1310","hyresrätt","2024",853
"0380C1310","bostadsrätt","2024",0
"0380C1310","äganderätt","2024",0
"0380C1310","uppgift saknas","2024",0
"0380C1320","hyresrätt","2024",696
"0380C1320","bostadsrätt","2024",0
"0380C1320","äganderätt","2024",126
"0380C1320","uppgift saknas","2024",0
"0380C1331","hyresrätt","2024",280
"0380C1331","bostadsrätt","2024",544
"0380C1331","äganderätt","2024",1
"0380C1331","uppgift saknas","2024",0
"0380C1332","hyresrätt","2024",0
"0380C1332","bostadsrätt","2024",710
"0380C1332","äganderätt","2024",0
"0380C1332","uppgift saknas","2024",0
"0380C1340","hyresrätt","2024",408
"0380C1340","bostadsrätt","2024",389
"0380C1340","äganderätt","2024",31
"0380C1340","uppgift saknas","2024",0
"0380C1351","hyresrätt","2024",381
"0380C1351","bostadsrätt","2024",136
"0380C1351","äganderätt","2024",167
"0380C1351","uppgift saknas","2024",0
"0380C1352","hyresrätt","2024",1558
"0380C1352","bostadsrätt","2024",193
"0380C1352","äganderätt","2024",0
"0380C1352","uppgift saknas","2024",0
"0380C1353","hyresrätt","2024",977
"0380C1353","bostadsrätt","2024",730
"0380C1353","äganderätt","2024",0
"0380C1353","uppgift saknas","2024",0
"0380C1360","hyresrätt","2024",154
"0380C1360","bostadsrätt","2024",789
"0380C1360","äganderätt","2024",39
"0380C1360","uppgift saknas","2024",0
"0380C1370","hyresrätt","2024",161
"0380C1370","bostadsrätt","2024",267
"0380C1370","äganderätt","2024",89
"0380C1370","uppgift saknas","2024",0
"0380C1380","hyresrätt","2024",427
"0380C1380","bostadsrätt","2024",300
"0380C1380","äganderätt","2024",0
"0380C1380","uppgift saknas","2024",0
"0380C1390","hyresrätt","2024",86
"0380C1390","bostadsrätt","2024",259
"0380C1390","äganderätt","2024",286
"0380C1390","uppgift saknas","2024",0
"0380C1400","hyresrätt","2024",416
"0380C1400","bostadsrätt","2024",219
"0380C1400","äganderätt","2024",339
"0380C1400","uppgift saknas","2024",0
"0380C1410","hyresrätt","2024",524
"0380C1410","bostadsrätt","2024",108
"0380C1410","äganderätt","2024",71
"0380C1410","uppgift saknas","2024",0
"0380C1420","hyresrätt","2024",750
"0380C1420","bostadsrätt","2024",0
"0380C1420","äganderätt","2024",0
"0380C1420","uppgift saknas","2024",0
"0380C1430","hyresrätt","2024",915
"0380C1430","bostadsrätt","2024",0
"0380C1430","äganderätt","2024",14
"0380C1430","uppgift saknas","2024",0
"0380C1440","hyresrätt","2024",32
"0380C1440","bostadsrätt","2024",4
"0380C1440","äganderätt","2024",286
"0380C1440","uppgift saknas","2024",0
"0380C1450","hyresrätt","2024",403
"0380C1450","bostadsrätt","2024",433
"0380C1450","äganderätt","2024",2
"0380C1450","uppgift saknas","2024",0
"0380C1460","hyresrätt","2024",1352
"0380C1460","bostadsrätt","2024",0
"0380C1460","äganderätt","2024",0
"0380C1460","uppgift saknas","2024",0
"0380C1470","hyresrätt","2024",385
"0380C1470","bostadsrätt","2024",330
"0380C1470","äganderätt","2024",218
"0380C1470","uppgift saknas","2024",0
"0380C1481","hyresrätt","2024",0
"0380C1481","bostadsrätt","2024",887
"0380C1481","äganderätt","2024",0
"0380C1481","uppgift saknas","2024",0
"0380C1482","hyresrätt","2024",160
"0380C1482","bostadsrätt","2024",375
"0380C1482","äganderätt","2024",0
"0380C1482","uppgift saknas","2024",0
"0380C1483","hyresrätt","2024",1171
"0380C1483","bostadsrätt","2024",622
"0380C1483","äganderätt","2024",0
"0380C1483","uppgift saknas","2024",0
"0380C1490","hyresrätt","2024",780
"0380C1490","bostadsrätt","2024",196
"0380C1490","äganderätt","2024",204
"0380C1490","uppgift saknas","2024",0
"0380C1500","hyresrätt","2024",163
"0380C1500","bostadsrätt","2024",226
"0380C1500","äganderätt","2024",92
"0380C1500","uppgift saknas","2024",0
"0380C1510","hyresrätt","2024",64
"0380C1510","bostadsrätt","2024",390
"0380C1510","äganderätt","2024",149
"0380C1510","uppgift saknas","2024",0
"0380C1520","hyresrätt","2024",1502
"0380C1520","bostadsrätt","2024",149
"0380C1520","äganderätt","2024",10
"0380C1520","uppgift saknas","2024",0
"0380C1530","hyresrätt","2024",375
"0380C1530","bostadsrätt","2024",618
"0380C1530","äganderätt","2024",0
"0380C1530","uppgift saknas","2024",0
"0380C1540","hyresrätt","2024",1138
"0380C1540","bostadsrätt","2024",63
"0380C1540","äganderätt","2024",7
"0380C1540","uppgift saknas","2024",0
"0380C1550","hyresrätt","2024",1427
"0380C1550","bostadsrätt","2024",0
"0380C1550","äganderätt","2024",0
"0380C1550","uppgift saknas","2024",0
"0380C1560","hyresrätt","2024",316
"0380C1560","bostadsrätt","2024",650
"0380C1560","äganderätt","2024",62
"0380C1560","uppgift saknas","2024",0
"0380C1570","hyresrätt","2024",15
"0380C1570","bostadsrätt","2024",76
"0380C1570","äganderätt","2024",214
"0380C1570","uppgift saknas","2024",0
"0380C1580","hyresrätt","2024",126
"0380C1580","bostadsrätt","2024",634
"0380C1580","äganderätt","2024",0
"0380C1580","uppgift saknas","2024",0
"0380C1590","hyresrätt","2024",897
"0380C1590","bostadsrätt","2024",252
"0380C1590","äganderätt","2024",16
"0380C1590","uppgift saknas","2024",0
"0380C1600","hyresrätt","2024",179
"0380C1600","bostadsrätt","2024",726
"0380C1600","äganderätt","2024",0
"0380C1600","uppgift saknas","2024",0
"0380C1610","hyresrätt","2024",605
"0380C1610","bostadsrätt","2024",252
"0380C1610","äganderätt","2024",0
"0380C1610","uppgift saknas","2024",4
"0380C1620","hyresrätt","2024",19
"0380C1620","bostadsrätt","2024",489
"0380C1620","äganderätt","2024",115
"0380C1620","uppgift saknas","2024",0
"0380C1630","hyresrätt","2024",642
"0380C1630","bostadsrätt","2024",414
"0380C1630","äganderätt","2024",9
"0380C1630","uppgift saknas","2024",0
"0380C1640","hyresrätt","2024",2
"0380C1640","bostadsrätt","2024",910
"0380C1640","äganderätt","2024",0
"0380C1640","uppgift saknas","2024",0
"0380C1650","hyresrätt","2024",25
"0380C1650","bostadsrätt","2024",826
"0380C1650","äganderätt","2024",0
"0380C1650","uppgift saknas","2024",0
"0380C1660","hyresrätt","2024",80
"0380C1660","bostadsrätt","2024",875
"0380C1660","äganderätt","2024",0
"0380C1660","uppgift saknas","2024",0
"0380C1670","hyresrätt","2024",261
"0380C1670","bostadsrätt","2024",594
"0380C1670","äganderätt","2024",12
"0380C1670","uppgift saknas","2024",0
"0380C1680","hyresrätt","2024",108
"0380C1680","bostadsrätt","2024",557
"0380C1680","äganderätt","2024",64
"0380C1680","uppgift saknas","2024",0
"0380C1690","hyresrätt","2024",218
"0380C1690","bostadsrätt","2024",398
"0380C1690","äganderätt","2024",1
"0380C1690","uppgift saknas","2024",0
"0380C1700","hyresrätt","2024",93
"0380C1700","bostadsrätt","2024",373
"0380C1700","äganderätt","2024",242
"0380C1700","uppgift saknas","2024",0
"0380C1710","hyresrätt","2024",58
"0380C1710","bostadsrätt","2024",870
"0380C1710","äganderätt","2024",2
"0380C1710","uppgift saknas","2024",0
"0380C1720","hyresrätt","2024",217
"0380C1720","bostadsrätt","2024",769
"0380C1720","äganderätt","2024",16
"0380C1720","uppgift saknas","2024",0
"0380C1730","hyresrätt","2024",566
"0380C1730","bostadsrätt","2024",431
"0380C1730","äganderätt","2024",0
"0380C1730","uppgift saknas","2024",0
"0380C1740","hyresrätt","2024",0
"0380C1740","bostadsrätt","2024",955
"0380C1740","äganderätt","2024",0
"0380C1740","uppgift saknas","2024",0
"0380C1750","hyresrätt","2024",164
"0380C1750","bostadsrätt","2024",688
"0380C1750","äganderätt","2024",0
"0380C1750","uppgift saknas","2024",0
"0380C1760","hyresrätt","2024",87
"0380C1760","bostadsrätt","2024",1209
"0380C1760","äganderätt","2024",0
"0380C1760","uppgift saknas","2024",0
"0380C1770","hyresrätt","2024",124
"0380C1770","bostadsrätt","2024",382
"0380C1770","äganderätt","2024",0
"0380C1770","uppgift saknas","2024",0
"0380C1780","hyresrätt","2024",215
"0380C1780","bostadsrätt","2024",656
"0380C1780","äganderätt","2024",2
"0380C1780","uppgift saknas","2024",0
"0380C1790","hyresrätt","2024",169
"0380C1790","bostadsrätt","2024",491
"0380C1790","äganderätt","2024",199
"0380C1790","uppgift saknas","2024",0
"0380C1800","hyresrätt","2024",308
"0380C1800","bostadsrätt","2024",1073
"0380C1800","äganderätt","2024",0
"0380C1800","uppgift saknas","2024",0
"0380C1810","hyresrätt","2024",7
"0380C1810","bostadsrätt","2024",753
"0380C1810","äganderätt","2024",89
"0380C1810","uppgift saknas","2024",0
"0380C1820","hyresrätt","2024",101
"0380C1820","bostadsrätt","2024",853
"0380C1820","äganderätt","2024",0
"0380C1820","uppgift saknas","2024",0
"0380C1830","hyresrätt","2024",598
"0380C1830","bostadsrätt","2024",800
"0380C1830","äganderätt","2024",0
"0380C1830","uppgift saknas","2024",0
"0380C1840","hyresrätt","2024",15
"0380C1840","bostadsrätt","2024",587
"0380C1840","äganderätt","2024",270
"0380C1840","uppgift saknas","2024",0
"0380C1850","hyresrätt","2024",463
"0380C1850","bostadsrätt","2024",0
"0380C1850","äganderätt","2024",0
"0380C1850","uppgift saknas","2024",0
"0380C1860","hyresrätt","2024",75
"0380C1860","bostadsrätt","2024",858
"0380C1860","äganderätt","2024",0
"0380C1860","uppgift saknas","2024",0
"0380C1870","hyresrätt","2024",560
"0380C1870","bostadsrätt","2024",149
"0380C1870","äganderätt","2024",50
"0380C1870","uppgift saknas","2024",0
"0380C1880","hyresrätt","2024",761
"0380C1880","bostadsrätt","2024",0
"0380C1880","äganderätt","2024",0
"0380C1880","uppgift saknas","2024",0
"0380C1890","hyresrätt","2024",462
"0380C1890","bostadsrätt","2024",307
"0380C1890","äganderätt","2024",36
"0380C1890","uppgift saknas","2024",0
"0380C1900","hyresrätt","2024",1079
"0380C1900","bostadsrätt","2024",192
"0380C1900","äganderätt","2024",0
"0380C1900","uppgift saknas","2024",0
"0380C1910","hyresrätt","2024",84
"0380C1910","bostadsrätt","2024",142
"0380C1910","äganderätt","2024",148
"0380C1910","uppgift saknas","2024",0
"0380C1920","hyresrätt","2024",207
"0380C1920","bostadsrätt","2024",586
"0380C1920","äganderätt","2024",0
"0380C1920","uppgift saknas","2024",0
"0380C1930","hyresrätt","2024",711
"0380C1930","bostadsrätt","2024",261
"0380C1930","äganderätt","2024",0
"0380C1930","uppgift saknas","2024",0
"0380C1940","hyresrätt","2024",1408
"0380C1940","bostadsrätt","2024",340
"0380C1940","äganderätt","2024",0
"0380C1940","uppgift saknas","2024",0
"0380C1950","hyresrätt","2024",655
"0380C1950","bostadsrätt","2024",31
"0380C1950","äganderätt","2024",0
"0380C1950","uppgift saknas","2024",0
"0380C1960","hyresrätt","2024",0
"0380C1960","bostadsrätt","2024",699
"0380C1960","äganderätt","2024",0
"0380C1960","uppgift saknas","2024",0
"0380C1970","hyresrätt","2024",487
"0380C1970","bostadsrätt","2024",352
"0380C1970","äganderätt","2024",0
"0380C1970","uppgift saknas","2024",0
"0380C1980","hyresrätt","2024",172
"0380C1980","bostadsrätt","2024",691
"0380C1980","äganderätt","2024",0
"0380C1980","uppgift saknas","2024",0
"0380C1990","hyresrätt","2024",95
"0380C1990","bostadsrätt","2024",515
"0380C1990","äganderätt","2024",0
"0380C1990","uppgift saknas","2024",0
"0380C2000","hyresrätt","2024",232
"0380C2000","bostadsrätt","2024",284
"0380C2000","äganderätt","2024",360
"0380C2000","uppgift saknas","2024",0
"0380C2010","hyresrätt","2024",1840
"0380C2010","bostadsrätt","2024",62
"0380C2010","äganderätt","2024",0
"0380C2010","uppgift saknas","2024",0
"0380C2020","hyresrätt","2024",353
"0380C2020","bostadsrätt","2024",975
"0380C2020","äganderätt","2024",0
"0380C2020","uppgift saknas","2024",0
"0380C2030","hyresrätt","2024",0
"0380C2030","bostadsrätt","2024",836
"0380C2030","äganderätt","2024",0
"0380C2030","uppgift saknas","2024",0
"0380C2040","hyresrätt","2024",709
"0380C2040","bostadsrätt","2024",343
"0380C2040","äganderätt","2024",0
"0380C2040","uppgift saknas","2024",0
"0380C2050","hyresrätt","2024",100
"0380C2050","bostadsrätt","2024",658
"0380C2050","äganderätt","2024",0
"0380C2050","uppgift saknas","2024",0
"0380C2060","hyresrätt","2024",94
"0380C2060","bostadsrätt","2024",189
"0380C2060","äganderätt","2024",293
"0380C2060","uppgift saknas","2024",0
"0380C2070","hyresrätt","2024",519
"0380C2070","bostadsrätt","2024",164
"0380C2070","äganderätt","2024",0
"0380C2070","uppgift saknas","2024",0
"0380C2080","hyresrätt","2024",44
"0380C2080","bostadsrätt","2024",558
"0380C2080","äganderätt","2024",0
"0380C2080","uppgift saknas","2024",0
"0380C2090","hyresrätt","2024",202
"0380C2090","bostadsrätt","2024",761
"0380C2090","äganderätt","2024",77
"0380C2090","uppgift saknas","2024",0
"0380C2100","hyresrätt","2024",1146
"0380C2100","bostadsrätt","2024",80
"0380C2100","äganderätt","2024",0
"0380C2100","uppgift saknas","2024",0
"0380C2110","hyresrätt","2024",10
"0380C2110","bostadsrätt","2024",832
"0380C2110","äganderätt","2024",37
"0380C2110","uppgift saknas","2024",0
"0380C2120","hyresrätt","2024",0
"0380C2120","bostadsrätt","2024",396
"0380C2120","äganderätt","2024",0
"0380C2120","uppgift saknas","2024",0
"0380C2130","hyresrätt","2024",0
"0380C2130","bostadsrätt","2024",549
"0380C2130","äganderätt","2024",0
"0380C2130","uppgift saknas","2024",0
"0380C2140","hyresrätt","2024",598
"0380C2140","bostadsrätt","2024",639
"0380C2140","äganderätt","2024",54
"0380C2140","uppgift saknas","2024",0
"0380C2150","hyresrätt","2024",633
"0380C2150","bostadsrätt","2024",156
"0380C2150","äganderätt","2024",0
"0380C2150","uppgift saknas","2024",0
"0380C2160","hyresrätt","2024",336
"0380C2160","bostadsrätt","2024",238
"0380C2160","äganderätt","2024",0
"0380C2160","uppgift saknas","2024",0
"0380C2170","hyresrätt","2024",1
"0380C2170","bostadsrätt","2024",0
"0380C2170","äganderätt","2024",330
"0380C2170","uppgift saknas","2024",0
"0380C2180","hyresrätt","2024",6
"0380C2180","bostadsrätt","2024",470
"0380C2180","äganderätt","2024",191
"0380C2180","uppgift saknas","2024",0
"0380C2190","hyresrätt","2024",394
"0380C2190","bostadsrätt","2024",0
"0380C2190","äganderätt","2024",267
"0380C2190","uppgift saknas","2024",0
"0380C2200","hyresrätt","2024",454
"0380C2200","bostadsrätt","2024",880
"0380C2200","äganderätt","2024",0
"0380C2200","uppgift saknas","2024",0
"0380C2210","hyresrätt","2024",77
"0380C2210","bostadsrätt","2024",0
"0380C2210","äganderätt","2024",448
"0380C2210","uppgift saknas","2024",0
"Uppsala (Bergsbrunna)","hyresrätt","2024",20
"Uppsala (Bergsbrunna)","bostadsrätt","2024",0
"Uppsala (Bergsbrunna)","äganderätt","2024",462
"Uppsala (Bergsbrunna)","uppgift saknas","2024",3
"Uppsala (Björklinge)","hyresrätt","2024",211
"Uppsala (Björklinge)","bostadsrätt","2024",108
"Uppsala (Björklinge)","äganderätt","2024",1018
"Uppsala (Björklinge)","uppgift saknas","2024",0
"Uppsala (Bäcklösa-Ultuna-Södra Ulleråker)","hyresrätt","2024",1341
"Uppsala (Bäcklösa-Ultuna-Södra Ulleråker)","bostadsrätt","2024",523
"Uppsala (Bäcklösa-Ultuna-Södra Ulleråker)","äganderätt","2024",298
"Uppsala (Bäcklösa-Ultuna-Södra Ulleråker)","uppgift saknas","2024",0
"Uppsala (Bälinge-Lövstalöt)","hyresrätt","2024",99
"Uppsala (Bälinge-Lövstalöt)","bostadsrätt","2024",42
"Uppsala (Bälinge-Lövstalöt)","äganderätt","2024",1272
"Uppsala (Bälinge-Lövstalöt)","uppgift saknas","2024",0
"Uppsala (Främre Luthagen-Fjärdingen-Glunten)","hyresrätt","2024",2152
"Uppsala (Främre Luthagen-Fjärdingen-Glunten)","bostadsrätt","2024",2536
"Uppsala (Främre Luthagen-Fjärdingen-Glunten)","äganderätt","2024",30
"Uppsala (Främre Luthagen-Fjärdingen-Glunten)","uppgift saknas","2024",0
"Uppsala (Gamla Gottsunda-Vårdsätra-Vreta)","hyresrätt","2024",43
"Uppsala (Gamla Gottsunda-Vårdsätra-Vreta)","bostadsrätt","2024",218
"Uppsala (Gamla Gottsunda-Vårdsätra-Vreta)","äganderätt","2024",819
"Uppsala (Gamla Gottsunda-Vårdsätra-Vreta)","uppgift saknas","2024",0
"Uppsala (Gamla Uppsala)","hyresrätt","2024",471
"Uppsala (Gamla Uppsala)","bostadsrätt","2024",0
"Uppsala (Gamla Uppsala)","äganderätt","2024",715
"Uppsala (Gamla Uppsala)","uppgift saknas","2024",0
"Uppsala (Gunsta-Marielund-Länna)","hyresrätt","2024",212
"Uppsala (Gunsta-Marielund-Länna)","bostadsrätt","2024",128
"Uppsala (Gunsta-Marielund-Länna)","äganderätt","2024",791
"Uppsala (Gunsta-Marielund-Länna)","uppgift saknas","2024",0
"Uppsala (Kungsängen)","hyresrätt","2024",1611
"Uppsala (Kungsängen)","bostadsrätt","2024",3138
"Uppsala (Kungsängen)","äganderätt","2024",1
"Uppsala (Kungsängen)","uppgift saknas","2024",0
"Uppsala (Kvarngärdet)","hyresrätt","2024",1840
"Uppsala (Kvarngärdet)","bostadsrätt","2024",192
"Uppsala (Kvarngärdet)","äganderätt","2024",0
"Uppsala (Kvarngärdet)","uppgift saknas","2024",0
"Uppsala (Kåbo-Norra Rosendal)","hyresrätt","2024",3343
"Uppsala (Kåbo-Norra Rosendal)","bostadsrätt","2024",1359
"Uppsala (Kåbo-Norra Rosendal)","äganderätt","2024",167
"Uppsala (Kåbo-Norra Rosendal)","uppgift saknas","2024",0
"Uppsala (Lindbacken-Jälla)","hyresrätt","2024",58
"Uppsala (Lindbacken-Jälla)","bostadsrätt","2024",81
"Uppsala (Lindbacken-Jälla)","äganderätt","2024",389
"Uppsala (Lindbacken-Jälla)","uppgift saknas","2024",0
"Uppsala (Löten)","hyresrätt","2024",677
"Uppsala (Löten)","bostadsrätt","2024",1659
"Uppsala (Löten)","äganderätt","2024",0
"Uppsala (Löten)","uppgift saknas","2024",0
"Uppsala (Mellersta Luthagen-Rickomberga)","hyresrätt","2024",504
"Uppsala (Mellersta Luthagen-Rickomberga)","bostadsrätt","2024",1630
"Uppsala (Mellersta Luthagen-Rickomberga)","äganderätt","2024",376
"Uppsala (Mellersta Luthagen-Rickomberga)","uppgift saknas","2024",0
"Uppsala (Mellersta Sala backe)","hyresrätt","2024",2526
"Uppsala (Mellersta Sala backe)","bostadsrätt","2024",371
"Uppsala (Mellersta Sala backe)","äganderätt","2024",0
"Uppsala (Mellersta Sala backe)","uppgift saknas","2024",0
"Uppsala (Mellersta Valsätra-Gottsunda centrum-Östra Gottsunda)","hyresrätt","2024",914
"Uppsala (Mellersta Valsätra-Gottsunda centrum-Östra Gottsunda)","bostadsrätt","2024",1020
"Uppsala (Mellersta Valsätra-Gottsunda centrum-Östra Gottsunda)","äganderätt","2024",98
"Uppsala (Mellersta Valsätra-Gottsunda centrum-Östra Gottsunda)","uppgift saknas","2024",0
"Uppsala (Norby-Norra Valsätra)","hyresrätt","2024",103
"Uppsala (Norby-Norra Valsätra)","bostadsrätt","2024",489
"Uppsala (Norby-Norra Valsätra)","äganderätt","2024",1390
"Uppsala (Norby-Norra Valsätra)","uppgift saknas","2024",0
"Uppsala (Nordvästra Luthagen-Hällby)","hyresrätt","2024",642
"Uppsala (Nordvästra Luthagen-Hällby)","bostadsrätt","2024",1369
"Uppsala (Nordvästra Luthagen-Hällby)","äganderätt","2024",9
"Uppsala (Nordvästra Luthagen-Hällby)","uppgift saknas","2024",0
"Uppsala (Norra Luthagen-Börjetull-Husbyborg)","hyresrätt","2024",664
"Uppsala (Norra Luthagen-Börjetull-Husbyborg)","bostadsrätt","2024",1068
"Uppsala (Norra Luthagen-Börjetull-Husbyborg)","äganderätt","2024",113
"Uppsala (Norra Luthagen-Börjetull-Husbyborg)","uppgift saknas","2024",0
"Uppsala (Norra Sala backe)","hyresrätt","2024",207
"Uppsala (Norra Sala backe)","bostadsrätt","2024",1422
"Uppsala (Norra Sala backe)","äganderätt","2024",0
"Uppsala (Norra Sala backe)","uppgift saknas","2024",0
"Uppsala (Norra Sävja)","hyresrätt","2024",313
"Uppsala (Norra Sävja)","bostadsrätt","2024",511
"Uppsala (Norra Sävja)","äganderätt","2024",258
"Uppsala (Norra Sävja)","uppgift saknas","2024",0
"Uppsala (Norra Ulleråker-Polacksbacken)","hyresrätt","2024",283
"Uppsala (Norra Ulleråker-Polacksbacken)","bostadsrätt","2024",398
"Uppsala (Norra Ulleråker-Polacksbacken)","äganderätt","2024",0
"Uppsala (Norra Ulleråker-Polacksbacken)","uppgift saknas","2024",0
"Uppsala (Nyby)","hyresrätt","2024",796
"Uppsala (Nyby)","bostadsrätt","2024",1588
"Uppsala (Nyby)","äganderätt","2024",191
"Uppsala (Nyby)","uppgift saknas","2024",0
"Uppsala (Nåntuna-Vilan)","hyresrätt","2024",77
"Uppsala (Nåntuna-Vilan)","bostadsrätt","2024",34
"Uppsala (Nåntuna-Vilan)","äganderätt","2024",1051
"Uppsala (Nåntuna-Vilan)","uppgift saknas","2024",0
"Uppsala (Slavsta-Fyrislund-Danmarksby)","hyresrätt","2024",416
"Uppsala (Slavsta-Fyrislund-Danmarksby)","bostadsrätt","2024",219
"Uppsala (Slavsta-Fyrislund-Danmarksby)","äganderätt","2024",339
"Uppsala (Slavsta-Fyrislund-Danmarksby)","uppgift saknas","2024",0
"Uppsala (Sommarro-Kungsgärdet)","hyresrätt","2024",186
"Uppsala (Sommarro-Kungsgärdet)","bostadsrätt","2024",793
"Uppsala (Sommarro-Kungsgärdet)","äganderätt","2024",325
"Uppsala (Sommarro-Kungsgärdet)","uppgift saknas","2024",0
"Uppsala (Studentstaden)","hyresrätt","2024",4067
"Uppsala (Studentstaden)","bostadsrätt","2024",212
"Uppsala (Studentstaden)","äganderätt","2024",17
"Uppsala (Studentstaden)","uppgift saknas","2024",0
"Uppsala (Sunnersta)","hyresrätt","2024",369
"Uppsala (Sunnersta)","bostadsrätt","2024",150
"Uppsala (Sunnersta)","äganderätt","2024",1715
"Uppsala (Sunnersta)","uppgift saknas","2024",0
"Uppsala (Sydöstra Luthagen)","hyresrätt","2024",353
"Uppsala (Sydöstra Luthagen)","bostadsrätt","2024",2401
"Uppsala (Sydöstra Luthagen)","äganderätt","2024",4
"Uppsala (Sydöstra Luthagen)","uppgift saknas","2024",0
"Uppsala (Södra Rosendal-Malma gård)","hyresrätt","2024",304
"Uppsala (Södra Rosendal-Malma gård)","bostadsrätt","2024",1083
"Uppsala (Södra Rosendal-Malma gård)","äganderätt","2024",167
"Uppsala (Södra Rosendal-Malma gård)","uppgift saknas","2024",0
"Uppsala (Södra Sala backe)","hyresrätt","2024",807
"Uppsala (Södra Sala backe)","bostadsrätt","2024",2210
"Uppsala (Södra Sala backe)","äganderätt","2024",64
"Uppsala (Södra Sala backe)","uppgift saknas","2024",0
"Uppsala (Södra Sävja)","hyresrätt","2024",548
"Uppsala (Södra Sävja)","bostadsrätt","2024",744
"Uppsala (Södra Sävja)","äganderätt","2024",0
"Uppsala (Södra Sävja)","uppgift saknas","2024",0
"Uppsala (Södra Valsätra-Norra Gottsunda)","hyresrätt","2024",2008
"Uppsala (Södra Valsätra-Norra Gottsunda)","bostadsrätt","2024",0
"Uppsala (Södra Valsätra-Norra Gottsunda)","äganderätt","2024",19
"Uppsala (Södra Valsätra-Norra Gottsunda)","uppgift saknas","2024",0
"Uppsala (Uppsala centrum)","hyresrätt","2024",1448
"Uppsala (Uppsala centrum)","bostadsrätt","2024",2284
"Uppsala (Uppsala centrum)","äganderätt","2024",1
"Uppsala (Uppsala centrum)","uppgift saknas","2024",4
"Uppsala (Uppsala inre norra omland)","hyresrätt","2024",177
"Uppsala (Uppsala inre norra omland)","bostadsrätt","2024",99
"Uppsala (Uppsala inre norra omland)","äganderätt","2024",723
"Uppsala (Uppsala inre norra omland)","uppgift saknas","2024",4
"Uppsala (Uppsala inre östra omland)","hyresrätt","2024",145
"Uppsala (Uppsala inre östra omland)","bostadsrätt","2024",39
"Uppsala (Uppsala inre östra omland)","äganderätt","2024",1302
"Uppsala (Uppsala inre östra omland)","uppgift saknas","2024",1
"Uppsala (Uppsala nordvästra omland)","hyresrätt","2024",111
"Uppsala (Uppsala nordvästra omland)","bostadsrätt","2024",57
"Uppsala (Uppsala nordvästra omland)","äganderätt","2024",2286
"Uppsala (Uppsala nordvästra omland)","uppgift saknas","2024",5
"Uppsala (Uppsala nordöstra centrum-Höganäs)","hyresrätt","2024",395
"Uppsala (Uppsala nordöstra centrum-Höganäs)","bostadsrätt","2024",2282
"Uppsala (Uppsala nordöstra centrum-Höganäs)","äganderätt","2024",0
"Uppsala (Uppsala nordöstra centrum-Höganäs)","uppgift saknas","2024",0
"Uppsala (Uppsala sydöstra Centrum-Västra Fålhagen)","hyresrätt","2024",403
"Uppsala (Uppsala sydöstra Centrum-Västra Fålhagen)","bostadsrätt","2024",2248
"Uppsala (Uppsala sydöstra Centrum-Västra Fålhagen)","äganderätt","2024",105
"Uppsala (Uppsala sydöstra Centrum-Västra Fålhagen)","uppgift saknas","2024",0
"Uppsala (Uppsala västra omland)","hyresrätt","2024",182
"Uppsala (Uppsala västra omland)","bostadsrätt","2024",26
"Uppsala (Uppsala västra omland)","äganderätt","2024",2241
"Uppsala (Uppsala västra omland)","uppgift saknas","2024",4
"Uppsala (Uppsala yttre norra omland)","hyresrätt","2024",191
"Uppsala (Uppsala yttre norra omland)","bostadsrätt","2024",125
"Uppsala (Uppsala yttre norra omland)","äganderätt","2024",1795
"Uppsala (Uppsala yttre norra omland)","uppgift saknas","2024",1
"Uppsala (Uppsala yttre östra omland)","hyresrätt","2024",240
"Uppsala (Uppsala yttre östra omland)","bostadsrätt","2024",60
"Uppsala (Uppsala yttre östra omland)","äganderätt","2024",1887
"Uppsala (Uppsala yttre östra omland)","uppgift saknas","2024",2
"Uppsala (Vattholma)","hyresrätt","2024",113
"Uppsala (Vattholma)","bostadsrätt","2024",6
"Uppsala (Vattholma)","äganderätt","2024",461
"Uppsala (Vattholma)","uppgift saknas","2024",0
"Uppsala (Vänge)","hyresrätt","2024",133
"Uppsala (Vänge)","bostadsrätt","2024",71
"Uppsala (Vänge)","äganderätt","2024",343
"Uppsala (Vänge)","uppgift saknas","2024",0
"Uppsala (Västra Eriksberg-Håga)","hyresrätt","2024",738
"Uppsala (Västra Eriksberg-Håga)","bostadsrätt","2024",911
"Uppsala (Västra Eriksberg-Håga)","äganderätt","2024",46
"Uppsala (Västra Eriksberg-Håga)","uppgift saknas","2024",0
"Uppsala (Västra Flogsta)","hyresrätt","2024",3017
"Uppsala (Västra Flogsta)","bostadsrätt","2024",0
"Uppsala (Västra Flogsta)","äganderätt","2024",14
"Uppsala (Västra Flogsta)","uppgift saknas","2024",0
"Uppsala (Västra Gottsunda)","hyresrätt","2024",1190
"Uppsala (Västra Gottsunda)","bostadsrätt","2024",81
"Uppsala (Västra Gottsunda)","äganderätt","2024",0
"Uppsala (Västra Gottsunda)","uppgift saknas","2024",0
"Uppsala (Västra Gränby)","hyresrätt","2024",1855
"Uppsala (Västra Gränby)","bostadsrätt","2024",423
"Uppsala (Västra Gränby)","äganderätt","2024",0
"Uppsala (Västra Gränby)","uppgift saknas","2024",0
"Uppsala (Västra Kapellgärdet)","hyresrätt","2024",428
"Uppsala (Västra Kapellgärdet)","bostadsrätt","2024",1833
"Uppsala (Västra Kapellgärdet)","äganderätt","2024",0
"Uppsala (Västra Kapellgärdet)","uppgift saknas","2024",0
"Uppsala (Västra Stenhagen)","hyresrätt","2024",400
"Uppsala (Västra Stenhagen)","bostadsrätt","2024",406
"Uppsala (Västra Stenhagen)","äganderätt","2024",432
"Uppsala (Västra Stenhagen)","uppgift saknas","2024",0
"Uppsala (Västra Storvreta)","hyresrätt","2024",240
"Uppsala (Västra Storvreta)","bostadsrätt","2024",213
"Uppsala (Västra Storvreta)","äganderätt","2024",789
"Uppsala (Västra Storvreta)","uppgift saknas","2024",0
"Uppsala (Västra Svartbäcken-Tuna backar)","hyresrätt","2024",1446
"Uppsala (Västra Svartbäcken-Tuna backar)","bostadsrätt","2024",2177
"Uppsala (Västra Svartbäcken-Tuna backar)","äganderätt","2024",50
"Uppsala (Västra Svartbäcken-Tuna backar)","uppgift saknas","2024",0
"Uppsala (Årsta)","hyresrätt","2024",421
"Uppsala (Årsta)","bostadsrätt","2024",2391
"Uppsala (Årsta)","äganderätt","2024",667
"Uppsala (Årsta)","uppgift saknas","2024",0
"Uppsala (Östra Eriksberg)","hyresrätt","2024",1549
"Uppsala (Östra Eriksberg)","bostadsrätt","2024",0
"Uppsala (Östra Eriksberg)","äganderätt","2024",126
"Uppsala (Östra Eriksberg)","uppgift saknas","2024",0
"Uppsala (Östra Flogsta-Ekeby-Berthåga)","hyresrätt","2024",1390
"Uppsala (Östra Flogsta-Ekeby-Berthåga)","bostadsrätt","2024",563
"Uppsala (Östra Flogsta-Ekeby-Berthåga)","äganderätt","2024",561
"Uppsala (Östra Flogsta-Ekeby-Berthåga)","uppgift saknas","2024",0
"Uppsala (Östra Fålhagen-Boländerna)","hyresrätt","2024",159
"Uppsala (Östra Fålhagen-Boländerna)","bostadsrätt","2024",1673
"Uppsala (Östra Fålhagen-Boländerna)","äganderätt","2024",391
"Uppsala (Östra Fålhagen-Boländerna)","uppgift saknas","2024",0
"Uppsala (Östra Gränby-Brillinge)","hyresrätt","2024",598
"Uppsala (Östra Gränby-Brillinge)","bostadsrätt","2024",1338
"Uppsala (Östra Gränby-Brillinge)","äganderätt","2024",54
"Uppsala (Östra Gränby-Brillinge)","uppgift saknas","2024",0
"Uppsala (Östra Kapellgärdet)","hyresrätt","2024",3038
"Uppsala (Östra Kapellgärdet)","bostadsrätt","2024",675
"Uppsala (Östra Kapellgärdet)","äganderätt","2024",0
"Uppsala (Östra Kapellgärdet)","uppgift saknas","2024",0
"Uppsala (Östra Stenhagen-Kvarnbo)","hyresrätt","2024",324
"Uppsala (Östra Stenhagen-Kvarnbo)","bostadsrätt","2024",493
"Uppsala (Östra Stenhagen-Kvarnbo)","äganderätt","2024",181
"Uppsala (Östra Stenhagen-Kvarnbo)","uppgift saknas","2024",0
"Uppsala (Östra Storvreta)","hyresrätt","2024",56
"Uppsala (Östra Storvreta)","bostadsrätt","2024",0
"Uppsala (Östra Storvreta)","äganderätt","2024",903
"Uppsala (Östra Storvreta)","uppgift saknas","2024",0
"Uppsala (Östra Svartbäcken-Bärby hage)","hyresrätt","2024",179
"Uppsala (Östra Svartbäcken-Bärby hage)","bostadsrätt","2024",331
"Uppsala (Östra Svartbäcken-Bärby hage)","äganderätt","2024",771
"Uppsala (Östra Svartbäcken-Bärby hage)","uppgift saknas","2024",0
"0381A0010","hyresrätt","2024",79
"0381A0010","bostadsrätt","2024",72
"0381A0010","äganderätt","2024",847
"0381A0010","uppgift saknas","2024",5
"0381A0020","hyresrätt","2024",24
"0381A0020","bostadsrätt","2024",0
"0381A0020","äganderätt","2024",421
"0381A0020","uppgift saknas","2024",6
"0381A0030","hyresrätt","2024",12
"0381A0030","bostadsrätt","2024",0
"0381A0030","äganderätt","2024",347
"0381A0030","uppgift saknas","2024",9
"0381A0040","hyresrätt","2024",13
"0381A0040","bostadsrätt","2024",0
"0381A0040","äganderätt","2024",366
"0381A0040","uppgift saknas","2024",8
"0381A0050","hyresrätt","2024",54
"0381A0050","bostadsrätt","2024",16
"0381A0050","äganderätt","2024",732
"0381A0050","uppgift saknas","2024",1
"0381A0060","hyresrätt","2024",35
"0381A0060","bostadsrätt","2024",0
"0381A0060","äganderätt","2024",549
"0381A0060","uppgift saknas","2024",10
"0381A0070","hyresrätt","2024",34
"0381A0070","bostadsrätt","2024",0
"0381A0070","äganderätt","2024",932
"0381A0070","uppgift saknas","2024",6
"0381A0080","hyresrätt","2024",42
"0381A0080","bostadsrätt","2024",0
"0381A0080","äganderätt","2024",675
"0381A0080","uppgift saknas","2024",2
"0381A0090","hyresrätt","2024",171
"0381A0090","bostadsrätt","2024",26
"0381A0090","äganderätt","2024",662
"0381A0090","uppgift saknas","2024",3
"0381B2010","hyresrätt","2024",230
"0381B2010","bostadsrätt","2024",36
"0381B2010","äganderätt","2024",547
"0381B2010","uppgift saknas","2024",4
"0381B3010","hyresrätt","2024",99
"0381B3010","bostadsrätt","2024",333
"0381B3010","äganderätt","2024",463
"0381B3010","uppgift saknas","2024",0
"0381B4010","hyresrätt","2024",102
"0381B4010","bostadsrätt","2024",45
"0381B4010","äganderätt","2024",358
"0381B4010","uppgift saknas","2024",0
"0381B5010","hyresrätt","2024",138
"0381B5010","bostadsrätt","2024",0
"0381B5010","äganderätt","2024",274
"0381B5010","uppgift saknas","2024",0
"0381C1010","hyresrätt","2024",165
"0381C1010","bostadsrätt","2024",282
"0381C1010","äganderätt","2024",421
"0381C1010","uppgift saknas","2024",0
"0381C1020","hyresrätt","2024",238
"0381C1020","bostadsrätt","2024",223
"0381C1020","äganderätt","2024",600
"0381C1020","uppgift saknas","2024",0
"0381C1030","hyresrätt","2024",593
"0381C1030","bostadsrätt","2024",917
"0381C1030","äganderätt","2024",35
"0381C1030","uppgift saknas","2024",0
"0381C1040","hyresrätt","2024",456
"0381C1040","bostadsrätt","2024",446
"0381C1040","äganderätt","2024",403
"0381C1040","uppgift saknas","2024",0
"0381C1050","hyresrätt","2024",787
"0381C1050","bostadsrätt","2024",124
"0381C1050","äganderätt","2024",452
"0381C1050","uppgift saknas","2024",0
"0381C1060","hyresrätt","2024",534
"0381C1060","bostadsrätt","2024",564
"0381C1060","äganderätt","2024",75
"0381C1060","uppgift saknas","2024",0
"0381C1070","hyresrätt","2024",729
"0381C1070","bostadsrätt","2024",148
"0381C1070","äganderätt","2024",256
"0381C1070","uppgift saknas","2024",0
"0381C1080","hyresrätt","2024",921
"0381C1080","bostadsrätt","2024",386
"0381C1080","äganderätt","2024",349
"0381C1080","uppgift saknas","2024",0
"0381C1090","hyresrätt","2024",795
"0381C1090","bostadsrätt","2024",451
"0381C1090","äganderätt","2024",72
"0381C1090","uppgift saknas","2024",0
"0381C1100","hyresrätt","2024",744
"0381C1100","bostadsrätt","2024",134
"0381C1100","äganderätt","2024",154
"0381C1100","uppgift saknas","2024",0
"0381C1110","hyresrätt","2024",502
"0381C1110","bostadsrätt","2024",420
"0381C1110","äganderätt","2024",39
"0381C1110","uppgift saknas","2024",0
"0381C1120","hyresrätt","2024",704
"0381C1120","bostadsrätt","2024",308
"0381C1120","äganderätt","2024",118
"0381C1120","uppgift saknas","2024",0
"Enköping (Bergvreten-Gånsta-Åkersberg)","hyresrätt","2024",621
"Enköping (Bergvreten-Gånsta-Åkersberg)","bostadsrätt","2024",728
"Enköping (Bergvreten-Gånsta-Åkersberg)","äganderätt","2024",824
"Enköping (Bergvreten-Gånsta-Åkersberg)","uppgift saknas","2024",0
"Enköping (Bredsand-Haga)","hyresrätt","2024",99
"Enköping (Bredsand-Haga)","bostadsrätt","2024",333
"Enköping (Bredsand-Haga)","äganderätt","2024",463
"Enköping (Bredsand-Haga)","uppgift saknas","2024",0
"Enköping (Enköping centrum-Sankt Ilian)","hyresrätt","2024",1922
"Enköping (Enköping centrum-Sankt Ilian)","bostadsrätt","2024",1932
"Enköping (Enköping centrum-Sankt Ilian)","äganderätt","2024",182
"Enköping (Enköping centrum-Sankt Ilian)","uppgift saknas","2024",0
"Enköping (Fanna-Korsängen-Älvdansen)","hyresrätt","2024",1708
"Enköping (Fanna-Korsängen-Älvdansen)","bostadsrätt","2024",510
"Enköping (Fanna-Korsängen-Älvdansen)","äganderätt","2024",801
"Enköping (Fanna-Korsängen-Älvdansen)","uppgift saknas","2024",0
"Enköping (Fjärdhundra)","hyresrätt","2024",213
"Enköping (Fjärdhundra)","bostadsrätt","2024",26
"Enköping (Fjärdhundra)","äganderätt","2024",1337
"Enköping (Fjärdhundra)","uppgift saknas","2024",5
"Enköping (Galgvreten-Västerleden)","hyresrätt","2024",1975
"Enköping (Galgvreten-Västerleden)","bostadsrätt","2024",702
"Enköping (Galgvreten-Västerleden)","äganderätt","2024",449
"Enköping (Galgvreten-Västerleden)","uppgift saknas","2024",0
"Enköping (Lagunda)","hyresrätt","2024",264
"Enköping (Lagunda)","bostadsrätt","2024",36
"Enköping (Lagunda)","äganderätt","2024",1479
"Enköping (Lagunda)","uppgift saknas","2024",10
"Enköping (Munksundet-Gröngarn)","hyresrätt","2024",238
"Enköping (Munksundet-Gröngarn)","bostadsrätt","2024",223
"Enköping (Munksundet-Gröngarn)","äganderätt","2024",600
"Enköping (Munksundet-Gröngarn)","uppgift saknas","2024",0
"Enköping (Romberga)","hyresrätt","2024",704
"Enköping (Romberga)","bostadsrätt","2024",308
"Enköping (Romberga)","äganderätt","2024",118
"Enköping (Romberga)","uppgift saknas","2024",0
"Enköping (Trögd)","hyresrätt","2024",247
"Enköping (Trögd)","bostadsrätt","2024",133
"Enköping (Trögd)","äganderätt","2024",2284
"Enköping (Trögd)","uppgift saknas","2024",15
"Enköping (Åsunda)","hyresrätt","2024",210
"Enköping (Åsunda)","bostadsrätt","2024",0
"Enköping (Åsunda)","äganderätt","2024",1610
"Enköping (Åsunda)","uppgift saknas","2024",24
"0382A0010","hyresrätt","2024",9
"0382A0010","bostadsrätt","2024",0
"0382A0010","äganderätt","2024",748
"0382A0010","uppgift saknas","2024",0
"0382A0020","hyresrätt","2024",154
"0382A0020","bostadsrätt","2024",0
"0382A0020","äganderätt","2024",533
"0382A0020","uppgift saknas","2024",0
"0382A0030","hyresrätt","2024",7
"0382A0030","bostadsrätt","2024",0
"0382A0030","äganderätt","2024",463
"0382A0030","uppgift saknas","2024",0
"0382A0040","hyresrätt","2024",92
"0382A0040","bostadsrätt","2024",0
"0382A0040","äganderätt","2024",609
"0382A0040","uppgift saknas","2024",3
"0382A0050","hyresrätt","2024",66
"0382A0050","bostadsrätt","2024",0
"0382A0050","äganderätt","2024",709
"0382A0050","uppgift saknas","2024",2
"0382B2010","hyresrätt","2024",80
"0382B2010","bostadsrätt","2024",0
"0382B2010","äganderätt","2024",363
"0382B2010","uppgift saknas","2024",0
"0382B2020","hyresrätt","2024",518
"0382B2020","bostadsrätt","2024",277
"0382B2020","äganderätt","2024",244
"0382B2020","uppgift saknas","2024",0
"0382B3010","hyresrätt","2024",57
"0382B3010","bostadsrätt","2024",284
"0382B3010","äganderätt","2024",347
"0382B3010","uppgift saknas","2024",0
"0382B3020","hyresrätt","2024",225
"0382B3020","bostadsrätt","2024",60
"0382B3020","äganderätt","2024",228
"0382B3020","uppgift saknas","2024",0
"0382B4010","hyresrätt","2024",208
"0382B4010","bostadsrätt","2024",166
"0382B4010","äganderätt","2024",312
"0382B4010","uppgift saknas","2024",0
"0382B4020","hyresrätt","2024",421
"0382B4020","bostadsrätt","2024",70
"0382B4020","äganderätt","2024",272
"0382B4020","uppgift saknas","2024",0
"0382B5010","hyresrätt","2024",297
"0382B5010","bostadsrätt","2024",207
"0382B5010","äganderätt","2024",429
"0382B5010","uppgift saknas","2024",6
"0382C1010","hyresrätt","2024",518
"0382C1010","bostadsrätt","2024",184
"0382C1010","äganderätt","2024",444
"0382C1010","uppgift saknas","2024",0
"0382C1020","hyresrätt","2024",5
"0382C1020","bostadsrätt","2024",0
"0382C1020","äganderätt","2024",563
"0382C1020","uppgift saknas","2024",0
"0382C1030","hyresrätt","2024",330
"0382C1030","bostadsrätt","2024",518
"0382C1030","äganderätt","2024",202
"0382C1030","uppgift saknas","2024",0
"Östhammar (Alunda)","hyresrätt","2024",282
"Östhammar (Alunda)","bostadsrätt","2024",344
"Östhammar (Alunda)","äganderätt","2024",575
"Östhammar (Alunda)","uppgift saknas","2024",0
"Östhammar (Alunda omland)","hyresrätt","2024",9
"Östhammar (Alunda omland)","bostadsrätt","2024",0
"Östhammar (Alunda omland)","äganderätt","2024",748
"Östhammar (Alunda omland)","uppgift saknas","2024",0
"Östhammar (Gimo)","hyresrätt","2024",598
"Östhammar (Gimo)","bostadsrätt","2024",277
"Östhammar (Gimo)","äganderätt","2024",607
"Östhammar (Gimo)","uppgift saknas","2024",0
"Östhammar (Gimo omland)","hyresrätt","2024",154
"Östhammar (Gimo omland)","bostadsrätt","2024",0
"Östhammar (Gimo omland)","äganderätt","2024",533
"Östhammar (Gimo omland)","uppgift saknas","2024",0
"Östhammar (Öregrund)","hyresrätt","2024",297
"Östhammar (Öregrund)","bostadsrätt","2024",207
"Östhammar (Öregrund)","äganderätt","2024",429
"Östhammar (Öregrund)","uppgift saknas","2024",6
"Östhammar (Öregrund omland)","hyresrätt","2024",66
"Östhammar (Öregrund omland)","bostadsrätt","2024",0
"Östhammar (Öregrund omland)","äganderätt","2024",709
"Östhammar (Öregrund omland)","uppgift saknas","2024",2
"Östhammar (Österbybruk)","hyresrätt","2024",629
"Östhammar (Österbybruk)","bostadsrätt","2024",236
"Östhammar (Österbybruk)","äganderätt","2024",584
"Östhammar (Österbybruk)","uppgift saknas","2024",0
"Östhammar (Österbybruk omland)","hyresrätt","2024",7
"Östhammar (Österbybruk omland)","bostadsrätt","2024",0
"Östhammar (Österbybruk omland)","äganderätt","2024",463
"Östhammar (Österbybruk omland)","uppgift saknas","2024",0
"Östhammar (Östhammar)","hyresrätt","2024",853
"Östhammar (Östhammar)","bostadsrätt","2024",702
"Östhammar (Östhammar)","äganderätt","2024",1209
"Östhammar (Östhammar)","uppgift saknas","2024",0
"Östhammar (Östhammar omland)","hyresrätt","2024",92
"Östhammar (Östhammar omland)","bostadsrätt","2024",0
"Östhammar (Östhammar omland)","äganderätt","2024",609
"Östhammar (Östhammar omland)","uppgift saknas","2024",3
