"region","hustyp","upplåtelseform","år","Antal"
"Håbo","flerbostadshus","hyresrätt","1991",51
"Håbo","flerbostadshus","hyresrätt","1992",80
"Håbo","flerbostadshus","hyresrätt","1993",177
"Håbo","flerbostadshus","hyresrätt","1994",73
"Håbo","flerbostadshus","hyresrätt","1995",21
"Håbo","flerbostadshus","hyresrätt","1996",22
"Håbo","flerbostadshus","hyresrätt","1997",0
"Håbo","flerbostadshus","hyresrätt","1998",0
"Håbo","flerbostadshus","hyresrätt","1999",0
"Håbo","flerbostadshus","hyresrätt","2000",26
"Håbo","flerbostadshus","hyresrätt","2001",0
"Håbo","flerbostadshus","hyresrätt","2002",16
"Håbo","flerbostadshus","hyresrätt","2003",100
"Håbo","flerbostadshus","hyresrätt","2004",0
"Håbo","flerbostadshus","hyresrätt","2005",0
"Håbo","flerbostadshus","hyresrätt","2006",0
"Håbo","flerbostadshus","hyresrätt","2007",0
"Håbo","flerbostadshus","hyresrätt","2008",101
"Håbo","flerbostadshus","hyresrätt","2009",0
"Håbo","flerbostadshus","hyresrätt","2010",0
"Håbo","flerbostadshus","hyresrätt","2011",0
"Håbo","flerbostadshus","hyresrätt","2012",0
"Håbo","flerbostadshus","hyresrätt","2013",40
"Håbo","flerbostadshus","hyresrätt","2014",0
"Håbo","flerbostadshus","hyresrätt","2015",0
"Håbo","flerbostadshus","hyresrätt","2016",0
"Håbo","flerbostadshus","hyresrätt","2017",0
"Håbo","flerbostadshus","hyresrätt","2018",75
"Håbo","flerbostadshus","hyresrätt","2019",86
"Håbo","flerbostadshus","hyresrätt","2020",0
"Håbo","flerbostadshus","hyresrätt","2021",60
"Håbo","flerbostadshus","hyresrätt","2022",66
"Håbo","flerbostadshus","hyresrätt","2023",210
"Håbo","flerbostadshus","hyresrätt","2024",0
"Håbo","flerbostadshus","bostadsrätt","1991",0
"Håbo","flerbostadshus","bostadsrätt","1992",0
"Håbo","flerbostadshus","bostadsrätt","1993",0
"Håbo","flerbostadshus","bostadsrätt","1994",0
"Håbo","flerbostadshus","bostadsrätt","1995",0
"Håbo","flerbostadshus","bostadsrätt","1996",0
"Håbo","flerbostadshus","bostadsrätt","1997",0
"Håbo","flerbostadshus","bostadsrätt","1998",0
"Håbo","flerbostadshus","bostadsrätt","1999",0
"Håbo","flerbostadshus","bostadsrätt","2000",0
"Håbo","flerbostadshus","bostadsrätt","2001",0
"Håbo","flerbostadshus","bostadsrätt","2002",0
"Håbo","flerbostadshus","bostadsrätt","2003",0
"Håbo","flerbostadshus","bostadsrätt","2004",0
"Håbo","flerbostadshus","bostadsrätt","2005",53
"Håbo","flerbostadshus","bostadsrätt","2006",0
"Håbo","flerbostadshus","bostadsrätt","2007",96
"Håbo","flerbostadshus","bostadsrätt","2008",0
"Håbo","flerbostadshus","bostadsrätt","2009",30
"Håbo","flerbostadshus","bostadsrätt","2010",20
"Håbo","flerbostadshus","bostadsrätt","2011",0
"Håbo","flerbostadshus","bostadsrätt","2012",0
"Håbo","flerbostadshus","bostadsrätt","2013",0
"Håbo","flerbostadshus","bostadsrätt","2014",0
"Håbo","flerbostadshus","bostadsrätt","2015",16
"Håbo","flerbostadshus","bostadsrätt","2016",0
"Håbo","flerbostadshus","bostadsrätt","2017",0
"Håbo","flerbostadshus","bostadsrätt","2018",36
"Håbo","flerbostadshus","bostadsrätt","2019",71
"Håbo","flerbostadshus","bostadsrätt","2020",0
"Håbo","flerbostadshus","bostadsrätt","2021",161
"Håbo","flerbostadshus","bostadsrätt","2022",8
"Håbo","flerbostadshus","bostadsrätt","2023",0
"Håbo","flerbostadshus","bostadsrätt","2024",0
"Håbo","flerbostadshus","äganderätt","1991",0
"Håbo","flerbostadshus","äganderätt","1992",0
"Håbo","flerbostadshus","äganderätt","1993",0
"Håbo","flerbostadshus","äganderätt","1994",0
"Håbo","flerbostadshus","äganderätt","1995",0
"Håbo","flerbostadshus","äganderätt","1996",0
"Håbo","flerbostadshus","äganderätt","1997",0
"Håbo","flerbostadshus","äganderätt","1998",0
"Håbo","flerbostadshus","äganderätt","1999",0
"Håbo","flerbostadshus","äganderätt","2000",0
"Håbo","flerbostadshus","äganderätt","2001",0
"Håbo","flerbostadshus","äganderätt","2002",0
"Håbo","flerbostadshus","äganderätt","2003",0
"Håbo","flerbostadshus","äganderätt","2004",0
"Håbo","flerbostadshus","äganderätt","2005",0
"Håbo","flerbostadshus","äganderätt","2006",0
"Håbo","flerbostadshus","äganderätt","2007",0
"Håbo","flerbostadshus","äganderätt","2008",0
"Håbo","flerbostadshus","äganderätt","2009",0
"Håbo","flerbostadshus","äganderätt","2010",0
"Håbo","flerbostadshus","äganderätt","2011",0
"Håbo","flerbostadshus","äganderätt","2012",0
"Håbo","flerbostadshus","äganderätt","2013",0
"Håbo","flerbostadshus","äganderätt","2014",0
"Håbo","flerbostadshus","äganderätt","2015",0
"Håbo","flerbostadshus","äganderätt","2016",0
"Håbo","flerbostadshus","äganderätt","2017",0
"Håbo","flerbostadshus","äganderätt","2018",0
"Håbo","flerbostadshus","äganderätt","2019",0
"Håbo","flerbostadshus","äganderätt","2020",0
"Håbo","flerbostadshus","äganderätt","2021",0
"Håbo","flerbostadshus","äganderätt","2022",0
"Håbo","flerbostadshus","äganderätt","2023",0
"Håbo","flerbostadshus","äganderätt","2024",0
"Håbo","småhus","hyresrätt","1991",84
"Håbo","småhus","hyresrätt","1992",0
"Håbo","småhus","hyresrätt","1993",2
"Håbo","småhus","hyresrätt","1994",0
"Håbo","småhus","hyresrätt","1995",0
"Håbo","småhus","hyresrätt","1996",0
"Håbo","småhus","hyresrätt","1997",0
"Håbo","småhus","hyresrätt","1998",1
"Håbo","småhus","hyresrätt","1999",0
"Håbo","småhus","hyresrätt","2000",0
"Håbo","småhus","hyresrätt","2001",0
"Håbo","småhus","hyresrätt","2002",0
"Håbo","småhus","hyresrätt","2003",0
"Håbo","småhus","hyresrätt","2004",0
"Håbo","småhus","hyresrätt","2005",0
"Håbo","småhus","hyresrätt","2006",0
"Håbo","småhus","hyresrätt","2007",0
"Håbo","småhus","hyresrätt","2008",0
"Håbo","småhus","hyresrätt","2009",0
"Håbo","småhus","hyresrätt","2010",0
"Håbo","småhus","hyresrätt","2011",0
"Håbo","småhus","hyresrätt","2012",0
"Håbo","småhus","hyresrätt","2013",0
"Håbo","småhus","hyresrätt","2014",0
"Håbo","småhus","hyresrätt","2015",0
"Håbo","småhus","hyresrätt","2016",0
"Håbo","småhus","hyresrätt","2017",0
"Håbo","småhus","hyresrätt","2018",0
"Håbo","småhus","hyresrätt","2019",0
"Håbo","småhus","hyresrätt","2020",0
"Håbo","småhus","hyresrätt","2021",0
"Håbo","småhus","hyresrätt","2022",0
"Håbo","småhus","hyresrätt","2023",0
"Håbo","småhus","hyresrätt","2024",0
"Håbo","småhus","bostadsrätt","1991",60
"Håbo","småhus","bostadsrätt","1992",68
"Håbo","småhus","bostadsrätt","1993",71
"Håbo","småhus","bostadsrätt","1994",0
"Håbo","småhus","bostadsrätt","1995",0
"Håbo","småhus","bostadsrätt","1996",0
"Håbo","småhus","bostadsrätt","1997",0
"Håbo","småhus","bostadsrätt","1998",0
"Håbo","småhus","bostadsrätt","1999",0
"Håbo","småhus","bostadsrätt","2000",0
"Håbo","småhus","bostadsrätt","2001",0
"Håbo","småhus","bostadsrätt","2002",0
"Håbo","småhus","bostadsrätt","2003",0
"Håbo","småhus","bostadsrätt","2004",0
"Håbo","småhus","bostadsrätt","2005",0
"Håbo","småhus","bostadsrätt","2006",0
"Håbo","småhus","bostadsrätt","2007",16
"Håbo","småhus","bostadsrätt","2008",2
"Håbo","småhus","bostadsrätt","2009",0
"Håbo","småhus","bostadsrätt","2010",0
"Håbo","småhus","bostadsrätt","2011",0
"Håbo","småhus","bostadsrätt","2012",0
"Håbo","småhus","bostadsrätt","2013",0
"Håbo","småhus","bostadsrätt","2014",0
"Håbo","småhus","bostadsrätt","2015",0
"Håbo","småhus","bostadsrätt","2016",0
"Håbo","småhus","bostadsrätt","2017",50
"Håbo","småhus","bostadsrätt","2018",0
"Håbo","småhus","bostadsrätt","2019",30
"Håbo","småhus","bostadsrätt","2020",14
"Håbo","småhus","bostadsrätt","2021",17
"Håbo","småhus","bostadsrätt","2022",0
"Håbo","småhus","bostadsrätt","2023",16
"Håbo","småhus","bostadsrätt","2024",0
"Håbo","småhus","äganderätt","1991",37
"Håbo","småhus","äganderätt","1992",31
"Håbo","småhus","äganderätt","1993",12
"Håbo","småhus","äganderätt","1994",3
"Håbo","småhus","äganderätt","1995",4
"Håbo","småhus","äganderätt","1996",9
"Håbo","småhus","äganderätt","1997",5
"Håbo","småhus","äganderätt","1998",10
"Håbo","småhus","äganderätt","1999",7
"Håbo","småhus","äganderätt","2000",9
"Håbo","småhus","äganderätt","2001",15
"Håbo","småhus","äganderätt","2002",30
"Håbo","småhus","äganderätt","2003",145
"Håbo","småhus","äganderätt","2004",107
"Håbo","småhus","äganderätt","2005",35
"Håbo","småhus","äganderätt","2006",23
"Håbo","småhus","äganderätt","2007",28
"Håbo","småhus","äganderätt","2008",34
"Håbo","småhus","äganderätt","2009",23
"Håbo","småhus","äganderätt","2010",27
"Håbo","småhus","äganderätt","2011",20
"Håbo","småhus","äganderätt","2012",15
"Håbo","småhus","äganderätt","2013",19
"Håbo","småhus","äganderätt","2014",18
"Håbo","småhus","äganderätt","2015",39
"Håbo","småhus","äganderätt","2016",64
"Håbo","småhus","äganderätt","2017",60
"Håbo","småhus","äganderätt","2018",27
"Håbo","småhus","äganderätt","2019",11
"Håbo","småhus","äganderätt","2020",33
"Håbo","småhus","äganderätt","2021",30
"Håbo","småhus","äganderätt","2022",18
"Håbo","småhus","äganderätt","2023",11
"Håbo","småhus","äganderätt","2024",12
"Älvkarleby","flerbostadshus","hyresrätt","1991",5
"Älvkarleby","flerbostadshus","hyresrätt","1992",0
"Älvkarleby","flerbostadshus","hyresrätt","1993",18
"Älvkarleby","flerbostadshus","hyresrätt","1994",0
"Älvkarleby","flerbostadshus","hyresrätt","1995",27
"Älvkarleby","flerbostadshus","hyresrätt","1996",0
"Älvkarleby","flerbostadshus","hyresrätt","1997",0
"Älvkarleby","flerbostadshus","hyresrätt","1998",0
"Älvkarleby","flerbostadshus","hyresrätt","1999",0
"Älvkarleby","flerbostadshus","hyresrätt","2000",0
"Älvkarleby","flerbostadshus","hyresrätt","2001",0
"Älvkarleby","flerbostadshus","hyresrätt","2002",0
"Älvkarleby","flerbostadshus","hyresrätt","2003",0
"Älvkarleby","flerbostadshus","hyresrätt","2004",0
"Älvkarleby","flerbostadshus","hyresrätt","2005",16
"Älvkarleby","flerbostadshus","hyresrätt","2006",0
"Älvkarleby","flerbostadshus","hyresrätt","2007",0
"Älvkarleby","flerbostadshus","hyresrätt","2008",0
"Älvkarleby","flerbostadshus","hyresrätt","2009",0
"Älvkarleby","flerbostadshus","hyresrätt","2010",18
"Älvkarleby","flerbostadshus","hyresrätt","2011",0
"Älvkarleby","flerbostadshus","hyresrätt","2012",0
"Älvkarleby","flerbostadshus","hyresrätt","2013",0
"Älvkarleby","flerbostadshus","hyresrätt","2014",0
"Älvkarleby","flerbostadshus","hyresrätt","2015",0
"Älvkarleby","flerbostadshus","hyresrätt","2016",0
"Älvkarleby","flerbostadshus","hyresrätt","2017",0
"Älvkarleby","flerbostadshus","hyresrätt","2018",0
"Älvkarleby","flerbostadshus","hyresrätt","2019",0
"Älvkarleby","flerbostadshus","hyresrätt","2020",112
"Älvkarleby","flerbostadshus","hyresrätt","2021",0
"Älvkarleby","flerbostadshus","hyresrätt","2022",30
"Älvkarleby","flerbostadshus","hyresrätt","2023",4
"Älvkarleby","flerbostadshus","hyresrätt","2024",0
"Älvkarleby","flerbostadshus","bostadsrätt","1991",0
"Älvkarleby","flerbostadshus","bostadsrätt","1992",0
"Älvkarleby","flerbostadshus","bostadsrätt","1993",0
"Älvkarleby","flerbostadshus","bostadsrätt","1994",0
"Älvkarleby","flerbostadshus","bostadsrätt","1995",0
"Älvkarleby","flerbostadshus","bostadsrätt","1996",0
"Älvkarleby","flerbostadshus","bostadsrätt","1997",0
"Älvkarleby","flerbostadshus","bostadsrätt","1998",0
"Älvkarleby","flerbostadshus","bostadsrätt","1999",0
"Älvkarleby","flerbostadshus","bostadsrätt","2000",0
"Älvkarleby","flerbostadshus","bostadsrätt","2001",0
"Älvkarleby","flerbostadshus","bostadsrätt","2002",0
"Älvkarleby","flerbostadshus","bostadsrätt","2003",0
"Älvkarleby","flerbostadshus","bostadsrätt","2004",0
"Älvkarleby","flerbostadshus","bostadsrätt","2005",0
"Älvkarleby","flerbostadshus","bostadsrätt","2006",0
"Älvkarleby","flerbostadshus","bostadsrätt","2007",0
"Älvkarleby","flerbostadshus","bostadsrätt","2008",0
"Älvkarleby","flerbostadshus","bostadsrätt","2009",0
"Älvkarleby","flerbostadshus","bostadsrätt","2010",0
"Älvkarleby","flerbostadshus","bostadsrätt","2011",0
"Älvkarleby","flerbostadshus","bostadsrätt","2012",0
"Älvkarleby","flerbostadshus","bostadsrätt","2013",0
"Älvkarleby","flerbostadshus","bostadsrätt","2014",0
"Älvkarleby","flerbostadshus","bostadsrätt","2015",0
"Älvkarleby","flerbostadshus","bostadsrätt","2016",0
"Älvkarleby","flerbostadshus","bostadsrätt","2017",0
"Älvkarleby","flerbostadshus","bostadsrätt","2018",0
"Älvkarleby","flerbostadshus","bostadsrätt","2019",0
"Älvkarleby","flerbostadshus","bostadsrätt","2020",0
"Älvkarleby","flerbostadshus","bostadsrätt","2021",8
"Älvkarleby","flerbostadshus","bostadsrätt","2022",0
"Älvkarleby","flerbostadshus","bostadsrätt","2023",0
"Älvkarleby","flerbostadshus","bostadsrätt","2024",0
"Älvkarleby","flerbostadshus","äganderätt","1991",0
"Älvkarleby","flerbostadshus","äganderätt","1992",0
"Älvkarleby","flerbostadshus","äganderätt","1993",0
"Älvkarleby","flerbostadshus","äganderätt","1994",0
"Älvkarleby","flerbostadshus","äganderätt","1995",0
"Älvkarleby","flerbostadshus","äganderätt","1996",0
"Älvkarleby","flerbostadshus","äganderätt","1997",0
"Älvkarleby","flerbostadshus","äganderätt","1998",0
"Älvkarleby","flerbostadshus","äganderätt","1999",0
"Älvkarleby","flerbostadshus","äganderätt","2000",0
"Älvkarleby","flerbostadshus","äganderätt","2001",0
"Älvkarleby","flerbostadshus","äganderätt","2002",0
"Älvkarleby","flerbostadshus","äganderätt","2003",0
"Älvkarleby","flerbostadshus","äganderätt","2004",0
"Älvkarleby","flerbostadshus","äganderätt","2005",0
"Älvkarleby","flerbostadshus","äganderätt","2006",0
"Älvkarleby","flerbostadshus","äganderätt","2007",0
"Älvkarleby","flerbostadshus","äganderätt","2008",0
"Älvkarleby","flerbostadshus","äganderätt","2009",0
"Älvkarleby","flerbostadshus","äganderätt","2010",0
"Älvkarleby","flerbostadshus","äganderätt","2011",0
"Älvkarleby","flerbostadshus","äganderätt","2012",0
"Älvkarleby","flerbostadshus","äganderätt","2013",0
"Älvkarleby","flerbostadshus","äganderätt","2014",0
"Älvkarleby","flerbostadshus","äganderätt","2015",0
"Älvkarleby","flerbostadshus","äganderätt","2016",0
"Älvkarleby","flerbostadshus","äganderätt","2017",0
"Älvkarleby","flerbostadshus","äganderätt","2018",0
"Älvkarleby","flerbostadshus","äganderätt","2019",0
"Älvkarleby","flerbostadshus","äganderätt","2020",0
"Älvkarleby","flerbostadshus","äganderätt","2021",0
"Älvkarleby","flerbostadshus","äganderätt","2022",0
"Älvkarleby","flerbostadshus","äganderätt","2023",0
"Älvkarleby","flerbostadshus","äganderätt","2024",0
"Älvkarleby","småhus","hyresrätt","1991",0
"Älvkarleby","småhus","hyresrätt","1992",0
"Älvkarleby","småhus","hyresrätt","1993",0
"Älvkarleby","småhus","hyresrätt","1994",0
"Älvkarleby","småhus","hyresrätt","1995",0
"Älvkarleby","småhus","hyresrätt","1996",0
"Älvkarleby","småhus","hyresrätt","1997",0
"Älvkarleby","småhus","hyresrätt","1998",0
"Älvkarleby","småhus","hyresrätt","1999",0
"Älvkarleby","småhus","hyresrätt","2000",0
"Älvkarleby","småhus","hyresrätt","2001",0
"Älvkarleby","småhus","hyresrätt","2002",0
"Älvkarleby","småhus","hyresrätt","2003",0
"Älvkarleby","småhus","hyresrätt","2004",0
"Älvkarleby","småhus","hyresrätt","2005",0
"Älvkarleby","småhus","hyresrätt","2006",0
"Älvkarleby","småhus","hyresrätt","2007",0
"Älvkarleby","småhus","hyresrätt","2008",0
"Älvkarleby","småhus","hyresrätt","2009",0
"Älvkarleby","småhus","hyresrätt","2010",0
"Älvkarleby","småhus","hyresrätt","2011",0
"Älvkarleby","småhus","hyresrätt","2012",0
"Älvkarleby","småhus","hyresrätt","2013",0
"Älvkarleby","småhus","hyresrätt","2014",0
"Älvkarleby","småhus","hyresrätt","2015",0
"Älvkarleby","småhus","hyresrätt","2016",0
"Älvkarleby","småhus","hyresrätt","2017",0
"Älvkarleby","småhus","hyresrätt","2018",0
"Älvkarleby","småhus","hyresrätt","2019",0
"Älvkarleby","småhus","hyresrätt","2020",0
"Älvkarleby","småhus","hyresrätt","2021",0
"Älvkarleby","småhus","hyresrätt","2022",0
"Älvkarleby","småhus","hyresrätt","2023",0
"Älvkarleby","småhus","hyresrätt","2024",0
"Älvkarleby","småhus","bostadsrätt","1991",98
"Älvkarleby","småhus","bostadsrätt","1992",12
"Älvkarleby","småhus","bostadsrätt","1993",0
"Älvkarleby","småhus","bostadsrätt","1994",0
"Älvkarleby","småhus","bostadsrätt","1995",0
"Älvkarleby","småhus","bostadsrätt","1996",0
"Älvkarleby","småhus","bostadsrätt","1997",0
"Älvkarleby","småhus","bostadsrätt","1998",0
"Älvkarleby","småhus","bostadsrätt","1999",0
"Älvkarleby","småhus","bostadsrätt","2000",0
"Älvkarleby","småhus","bostadsrätt","2001",0
"Älvkarleby","småhus","bostadsrätt","2002",0
"Älvkarleby","småhus","bostadsrätt","2003",0
"Älvkarleby","småhus","bostadsrätt","2004",0
"Älvkarleby","småhus","bostadsrätt","2005",0
"Älvkarleby","småhus","bostadsrätt","2006",0
"Älvkarleby","småhus","bostadsrätt","2007",0
"Älvkarleby","småhus","bostadsrätt","2008",0
"Älvkarleby","småhus","bostadsrätt","2009",0
"Älvkarleby","småhus","bostadsrätt","2010",0
"Älvkarleby","småhus","bostadsrätt","2011",0
"Älvkarleby","småhus","bostadsrätt","2012",0
"Älvkarleby","småhus","bostadsrätt","2013",0
"Älvkarleby","småhus","bostadsrätt","2014",0
"Älvkarleby","småhus","bostadsrätt","2015",0
"Älvkarleby","småhus","bostadsrätt","2016",0
"Älvkarleby","småhus","bostadsrätt","2017",0
"Älvkarleby","småhus","bostadsrätt","2018",0
"Älvkarleby","småhus","bostadsrätt","2019",0
"Älvkarleby","småhus","bostadsrätt","2020",0
"Älvkarleby","småhus","bostadsrätt","2021",1
"Älvkarleby","småhus","bostadsrätt","2022",0
"Älvkarleby","småhus","bostadsrätt","2023",16
"Älvkarleby","småhus","bostadsrätt","2024",0
"Älvkarleby","småhus","äganderätt","1991",9
"Älvkarleby","småhus","äganderätt","1992",9
"Älvkarleby","småhus","äganderätt","1993",1
"Älvkarleby","småhus","äganderätt","1994",0
"Älvkarleby","småhus","äganderätt","1995",2
"Älvkarleby","småhus","äganderätt","1996",3
"Älvkarleby","småhus","äganderätt","1997",0
"Älvkarleby","småhus","äganderätt","1998",3
"Älvkarleby","småhus","äganderätt","1999",2
"Älvkarleby","småhus","äganderätt","2000",0
"Älvkarleby","småhus","äganderätt","2001",0
"Älvkarleby","småhus","äganderätt","2002",4
"Älvkarleby","småhus","äganderätt","2003",2
"Älvkarleby","småhus","äganderätt","2004",16
"Älvkarleby","småhus","äganderätt","2005",6
"Älvkarleby","småhus","äganderätt","2006",7
"Älvkarleby","småhus","äganderätt","2007",7
"Älvkarleby","småhus","äganderätt","2008",11
"Älvkarleby","småhus","äganderätt","2009",4
"Älvkarleby","småhus","äganderätt","2010",18
"Älvkarleby","småhus","äganderätt","2011",5
"Älvkarleby","småhus","äganderätt","2012",3
"Älvkarleby","småhus","äganderätt","2013",5
"Älvkarleby","småhus","äganderätt","2014",2
"Älvkarleby","småhus","äganderätt","2015",0
"Älvkarleby","småhus","äganderätt","2016",2
"Älvkarleby","småhus","äganderätt","2017",3
"Älvkarleby","småhus","äganderätt","2018",0
"Älvkarleby","småhus","äganderätt","2019",5
"Älvkarleby","småhus","äganderätt","2020",16
"Älvkarleby","småhus","äganderätt","2021",9
"Älvkarleby","småhus","äganderätt","2022",14
"Älvkarleby","småhus","äganderätt","2023",15
"Älvkarleby","småhus","äganderätt","2024",8
"Knivsta","flerbostadshus","hyresrätt","1991",0
"Knivsta","flerbostadshus","hyresrätt","1992",0
"Knivsta","flerbostadshus","hyresrätt","1993",0
"Knivsta","flerbostadshus","hyresrätt","1994",0
"Knivsta","flerbostadshus","hyresrätt","1995",0
"Knivsta","flerbostadshus","hyresrätt","1996",0
"Knivsta","flerbostadshus","hyresrätt","1997",0
"Knivsta","flerbostadshus","hyresrätt","1998",0
"Knivsta","flerbostadshus","hyresrätt","1999",0
"Knivsta","flerbostadshus","hyresrätt","2000",0
"Knivsta","flerbostadshus","hyresrätt","2001",0
"Knivsta","flerbostadshus","hyresrätt","2002",0
"Knivsta","flerbostadshus","hyresrätt","2003",6
"Knivsta","flerbostadshus","hyresrätt","2004",0
"Knivsta","flerbostadshus","hyresrätt","2005",0
"Knivsta","flerbostadshus","hyresrätt","2006",0
"Knivsta","flerbostadshus","hyresrätt","2007",6
"Knivsta","flerbostadshus","hyresrätt","2008",0
"Knivsta","flerbostadshus","hyresrätt","2009",0
"Knivsta","flerbostadshus","hyresrätt","2010",0
"Knivsta","flerbostadshus","hyresrätt","2011",131
"Knivsta","flerbostadshus","hyresrätt","2012",0
"Knivsta","flerbostadshus","hyresrätt","2013",0
"Knivsta","flerbostadshus","hyresrätt","2014",0
"Knivsta","flerbostadshus","hyresrätt","2015",97
"Knivsta","flerbostadshus","hyresrätt","2016",0
"Knivsta","flerbostadshus","hyresrätt","2017",44
"Knivsta","flerbostadshus","hyresrätt","2018",24
"Knivsta","flerbostadshus","hyresrätt","2019",0
"Knivsta","flerbostadshus","hyresrätt","2020",352
"Knivsta","flerbostadshus","hyresrätt","2021",27
"Knivsta","flerbostadshus","hyresrätt","2022",105
"Knivsta","flerbostadshus","hyresrätt","2023",382
"Knivsta","flerbostadshus","hyresrätt","2024",290
"Knivsta","flerbostadshus","bostadsrätt","1991",0
"Knivsta","flerbostadshus","bostadsrätt","1992",0
"Knivsta","flerbostadshus","bostadsrätt","1993",0
"Knivsta","flerbostadshus","bostadsrätt","1994",0
"Knivsta","flerbostadshus","bostadsrätt","1995",0
"Knivsta","flerbostadshus","bostadsrätt","1996",0
"Knivsta","flerbostadshus","bostadsrätt","1997",0
"Knivsta","flerbostadshus","bostadsrätt","1998",0
"Knivsta","flerbostadshus","bostadsrätt","1999",0
"Knivsta","flerbostadshus","bostadsrätt","2000",0
"Knivsta","flerbostadshus","bostadsrätt","2001",0
"Knivsta","flerbostadshus","bostadsrätt","2002",0
"Knivsta","flerbostadshus","bostadsrätt","2003",0
"Knivsta","flerbostadshus","bostadsrätt","2004",0
"Knivsta","flerbostadshus","bostadsrätt","2005",0
"Knivsta","flerbostadshus","bostadsrätt","2006",0
"Knivsta","flerbostadshus","bostadsrätt","2007",55
"Knivsta","flerbostadshus","bostadsrätt","2008",0
"Knivsta","flerbostadshus","bostadsrätt","2009",24
"Knivsta","flerbostadshus","bostadsrätt","2010",0
"Knivsta","flerbostadshus","bostadsrätt","2011",38
"Knivsta","flerbostadshus","bostadsrätt","2012",16
"Knivsta","flerbostadshus","bostadsrätt","2013",0
"Knivsta","flerbostadshus","bostadsrätt","2014",269
"Knivsta","flerbostadshus","bostadsrätt","2015",89
"Knivsta","flerbostadshus","bostadsrätt","2016",121
"Knivsta","flerbostadshus","bostadsrätt","2017",122
"Knivsta","flerbostadshus","bostadsrätt","2018",297
"Knivsta","flerbostadshus","bostadsrätt","2019",0
"Knivsta","flerbostadshus","bostadsrätt","2020",0
"Knivsta","flerbostadshus","bostadsrätt","2021",35
"Knivsta","flerbostadshus","bostadsrätt","2022",45
"Knivsta","flerbostadshus","bostadsrätt","2023",0
"Knivsta","flerbostadshus","bostadsrätt","2024",113
"Knivsta","flerbostadshus","äganderätt","1991",0
"Knivsta","flerbostadshus","äganderätt","1992",0
"Knivsta","flerbostadshus","äganderätt","1993",0
"Knivsta","flerbostadshus","äganderätt","1994",0
"Knivsta","flerbostadshus","äganderätt","1995",0
"Knivsta","flerbostadshus","äganderätt","1996",0
"Knivsta","flerbostadshus","äganderätt","1997",0
"Knivsta","flerbostadshus","äganderätt","1998",0
"Knivsta","flerbostadshus","äganderätt","1999",0
"Knivsta","flerbostadshus","äganderätt","2000",0
"Knivsta","flerbostadshus","äganderätt","2001",0
"Knivsta","flerbostadshus","äganderätt","2002",0
"Knivsta","flerbostadshus","äganderätt","2003",0
"Knivsta","flerbostadshus","äganderätt","2004",0
"Knivsta","flerbostadshus","äganderätt","2005",0
"Knivsta","flerbostadshus","äganderätt","2006",0
"Knivsta","flerbostadshus","äganderätt","2007",0
"Knivsta","flerbostadshus","äganderätt","2008",0
"Knivsta","flerbostadshus","äganderätt","2009",0
"Knivsta","flerbostadshus","äganderätt","2010",0
"Knivsta","flerbostadshus","äganderätt","2011",0
"Knivsta","flerbostadshus","äganderätt","2012",0
"Knivsta","flerbostadshus","äganderätt","2013",0
"Knivsta","flerbostadshus","äganderätt","2014",0
"Knivsta","flerbostadshus","äganderätt","2015",0
"Knivsta","flerbostadshus","äganderätt","2016",0
"Knivsta","flerbostadshus","äganderätt","2017",0
"Knivsta","flerbostadshus","äganderätt","2018",0
"Knivsta","flerbostadshus","äganderätt","2019",0
"Knivsta","flerbostadshus","äganderätt","2020",0
"Knivsta","flerbostadshus","äganderätt","2021",0
"Knivsta","flerbostadshus","äganderätt","2022",0
"Knivsta","flerbostadshus","äganderätt","2023",0
"Knivsta","flerbostadshus","äganderätt","2024",0
"Knivsta","småhus","hyresrätt","1991",0
"Knivsta","småhus","hyresrätt","1992",0
"Knivsta","småhus","hyresrätt","1993",0
"Knivsta","småhus","hyresrätt","1994",0
"Knivsta","småhus","hyresrätt","1995",0
"Knivsta","småhus","hyresrätt","1996",0
"Knivsta","småhus","hyresrätt","1997",0
"Knivsta","småhus","hyresrätt","1998",0
"Knivsta","småhus","hyresrätt","1999",0
"Knivsta","småhus","hyresrätt","2000",0
"Knivsta","småhus","hyresrätt","2001",0
"Knivsta","småhus","hyresrätt","2002",0
"Knivsta","småhus","hyresrätt","2003",0
"Knivsta","småhus","hyresrätt","2004",0
"Knivsta","småhus","hyresrätt","2005",0
"Knivsta","småhus","hyresrätt","2006",0
"Knivsta","småhus","hyresrätt","2007",0
"Knivsta","småhus","hyresrätt","2008",0
"Knivsta","småhus","hyresrätt","2009",0
"Knivsta","småhus","hyresrätt","2010",0
"Knivsta","småhus","hyresrätt","2011",0
"Knivsta","småhus","hyresrätt","2012",0
"Knivsta","småhus","hyresrätt","2013",0
"Knivsta","småhus","hyresrätt","2014",0
"Knivsta","småhus","hyresrätt","2015",0
"Knivsta","småhus","hyresrätt","2016",0
"Knivsta","småhus","hyresrätt","2017",0
"Knivsta","småhus","hyresrätt","2018",0
"Knivsta","småhus","hyresrätt","2019",0
"Knivsta","småhus","hyresrätt","2020",0
"Knivsta","småhus","hyresrätt","2021",11
"Knivsta","småhus","hyresrätt","2022",0
"Knivsta","småhus","hyresrätt","2023",0
"Knivsta","småhus","hyresrätt","2024",0
"Knivsta","småhus","bostadsrätt","1991",0
"Knivsta","småhus","bostadsrätt","1992",0
"Knivsta","småhus","bostadsrätt","1993",0
"Knivsta","småhus","bostadsrätt","1994",0
"Knivsta","småhus","bostadsrätt","1995",0
"Knivsta","småhus","bostadsrätt","1996",0
"Knivsta","småhus","bostadsrätt","1997",0
"Knivsta","småhus","bostadsrätt","1998",0
"Knivsta","småhus","bostadsrätt","1999",0
"Knivsta","småhus","bostadsrätt","2000",0
"Knivsta","småhus","bostadsrätt","2001",0
"Knivsta","småhus","bostadsrätt","2002",0
"Knivsta","småhus","bostadsrätt","2003",0
"Knivsta","småhus","bostadsrätt","2004",0
"Knivsta","småhus","bostadsrätt","2005",0
"Knivsta","småhus","bostadsrätt","2006",12
"Knivsta","småhus","bostadsrätt","2007",0
"Knivsta","småhus","bostadsrätt","2008",0
"Knivsta","småhus","bostadsrätt","2009",14
"Knivsta","småhus","bostadsrätt","2010",0
"Knivsta","småhus","bostadsrätt","2011",15
"Knivsta","småhus","bostadsrätt","2012",0
"Knivsta","småhus","bostadsrätt","2013",0
"Knivsta","småhus","bostadsrätt","2014",8
"Knivsta","småhus","bostadsrätt","2015",32
"Knivsta","småhus","bostadsrätt","2016",32
"Knivsta","småhus","bostadsrätt","2017",64
"Knivsta","småhus","bostadsrätt","2018",31
"Knivsta","småhus","bostadsrätt","2019",0
"Knivsta","småhus","bostadsrätt","2020",0
"Knivsta","småhus","bostadsrätt","2021",34
"Knivsta","småhus","bostadsrätt","2022",22
"Knivsta","småhus","bostadsrätt","2023",41
"Knivsta","småhus","bostadsrätt","2024",0
"Knivsta","småhus","äganderätt","1991",0
"Knivsta","småhus","äganderätt","1992",0
"Knivsta","småhus","äganderätt","1993",0
"Knivsta","småhus","äganderätt","1994",0
"Knivsta","småhus","äganderätt","1995",0
"Knivsta","småhus","äganderätt","1996",0
"Knivsta","småhus","äganderätt","1997",0
"Knivsta","småhus","äganderätt","1998",0
"Knivsta","småhus","äganderätt","1999",0
"Knivsta","småhus","äganderätt","2000",0
"Knivsta","småhus","äganderätt","2001",0
"Knivsta","småhus","äganderätt","2002",0
"Knivsta","småhus","äganderätt","2003",208
"Knivsta","småhus","äganderätt","2004",80
"Knivsta","småhus","äganderätt","2005",61
"Knivsta","småhus","äganderätt","2006",53
"Knivsta","småhus","äganderätt","2007",50
"Knivsta","småhus","äganderätt","2008",63
"Knivsta","småhus","äganderätt","2009",82
"Knivsta","småhus","äganderätt","2010",58
"Knivsta","småhus","äganderätt","2011",38
"Knivsta","småhus","äganderätt","2012",36
"Knivsta","småhus","äganderätt","2013",52
"Knivsta","småhus","äganderätt","2014",28
"Knivsta","småhus","äganderätt","2015",46
"Knivsta","småhus","äganderätt","2016",69
"Knivsta","småhus","äganderätt","2017",51
"Knivsta","småhus","äganderätt","2018",31
"Knivsta","småhus","äganderätt","2019",23
"Knivsta","småhus","äganderätt","2020",41
"Knivsta","småhus","äganderätt","2021",16
"Knivsta","småhus","äganderätt","2022",52
"Knivsta","småhus","äganderätt","2023",39
"Knivsta","småhus","äganderätt","2024",17
"Heby","flerbostadshus","hyresrätt","1991",57
"Heby","flerbostadshus","hyresrätt","1992",18
"Heby","flerbostadshus","hyresrätt","1993",0
"Heby","flerbostadshus","hyresrätt","1994",50
"Heby","flerbostadshus","hyresrätt","1995",0
"Heby","flerbostadshus","hyresrätt","1996",0
"Heby","flerbostadshus","hyresrätt","1997",0
"Heby","flerbostadshus","hyresrätt","1998",0
"Heby","flerbostadshus","hyresrätt","1999",0
"Heby","flerbostadshus","hyresrätt","2000",0
"Heby","flerbostadshus","hyresrätt","2001",0
"Heby","flerbostadshus","hyresrätt","2002",0
"Heby","flerbostadshus","hyresrätt","2003",0
"Heby","flerbostadshus","hyresrätt","2004",0
"Heby","flerbostadshus","hyresrätt","2005",0
"Heby","flerbostadshus","hyresrätt","2006",0
"Heby","flerbostadshus","hyresrätt","2007",0
"Heby","flerbostadshus","hyresrätt","2008",0
"Heby","flerbostadshus","hyresrätt","2009",0
"Heby","flerbostadshus","hyresrätt","2010",0
"Heby","flerbostadshus","hyresrätt","2011",28
"Heby","flerbostadshus","hyresrätt","2012",0
"Heby","flerbostadshus","hyresrätt","2013",3
"Heby","flerbostadshus","hyresrätt","2014",0
"Heby","flerbostadshus","hyresrätt","2015",24
"Heby","flerbostadshus","hyresrätt","2016",0
"Heby","flerbostadshus","hyresrätt","2017",0
"Heby","flerbostadshus","hyresrätt","2018",30
"Heby","flerbostadshus","hyresrätt","2019",21
"Heby","flerbostadshus","hyresrätt","2020",17
"Heby","flerbostadshus","hyresrätt","2021",17
"Heby","flerbostadshus","hyresrätt","2022",143
"Heby","flerbostadshus","hyresrätt","2023",15
"Heby","flerbostadshus","hyresrätt","2024",0
"Heby","flerbostadshus","bostadsrätt","1991",20
"Heby","flerbostadshus","bostadsrätt","1992",36
"Heby","flerbostadshus","bostadsrätt","1993",0
"Heby","flerbostadshus","bostadsrätt","1994",0
"Heby","flerbostadshus","bostadsrätt","1995",0
"Heby","flerbostadshus","bostadsrätt","1996",0
"Heby","flerbostadshus","bostadsrätt","1997",0
"Heby","flerbostadshus","bostadsrätt","1998",0
"Heby","flerbostadshus","bostadsrätt","1999",0
"Heby","flerbostadshus","bostadsrätt","2000",0
"Heby","flerbostadshus","bostadsrätt","2001",0
"Heby","flerbostadshus","bostadsrätt","2002",0
"Heby","flerbostadshus","bostadsrätt","2003",0
"Heby","flerbostadshus","bostadsrätt","2004",0
"Heby","flerbostadshus","bostadsrätt","2005",0
"Heby","flerbostadshus","bostadsrätt","2006",0
"Heby","flerbostadshus","bostadsrätt","2007",0
"Heby","flerbostadshus","bostadsrätt","2008",0
"Heby","flerbostadshus","bostadsrätt","2009",0
"Heby","flerbostadshus","bostadsrätt","2010",0
"Heby","flerbostadshus","bostadsrätt","2011",0
"Heby","flerbostadshus","bostadsrätt","2012",0
"Heby","flerbostadshus","bostadsrätt","2013",16
"Heby","flerbostadshus","bostadsrätt","2014",0
"Heby","flerbostadshus","bostadsrätt","2015",0
"Heby","flerbostadshus","bostadsrätt","2016",0
"Heby","flerbostadshus","bostadsrätt","2017",7
"Heby","flerbostadshus","bostadsrätt","2018",12
"Heby","flerbostadshus","bostadsrätt","2019",0
"Heby","flerbostadshus","bostadsrätt","2020",0
"Heby","flerbostadshus","bostadsrätt","2021",16
"Heby","flerbostadshus","bostadsrätt","2022",0
"Heby","flerbostadshus","bostadsrätt","2023",0
"Heby","flerbostadshus","bostadsrätt","2024",0
"Heby","flerbostadshus","äganderätt","1991",0
"Heby","flerbostadshus","äganderätt","1992",0
"Heby","flerbostadshus","äganderätt","1993",0
"Heby","flerbostadshus","äganderätt","1994",0
"Heby","flerbostadshus","äganderätt","1995",0
"Heby","flerbostadshus","äganderätt","1996",0
"Heby","flerbostadshus","äganderätt","1997",0
"Heby","flerbostadshus","äganderätt","1998",0
"Heby","flerbostadshus","äganderätt","1999",0
"Heby","flerbostadshus","äganderätt","2000",0
"Heby","flerbostadshus","äganderätt","2001",0
"Heby","flerbostadshus","äganderätt","2002",0
"Heby","flerbostadshus","äganderätt","2003",0
"Heby","flerbostadshus","äganderätt","2004",0
"Heby","flerbostadshus","äganderätt","2005",0
"Heby","flerbostadshus","äganderätt","2006",0
"Heby","flerbostadshus","äganderätt","2007",0
"Heby","flerbostadshus","äganderätt","2008",0
"Heby","flerbostadshus","äganderätt","2009",0
"Heby","flerbostadshus","äganderätt","2010",0
"Heby","flerbostadshus","äganderätt","2011",0
"Heby","flerbostadshus","äganderätt","2012",0
"Heby","flerbostadshus","äganderätt","2013",0
"Heby","flerbostadshus","äganderätt","2014",0
"Heby","flerbostadshus","äganderätt","2015",0
"Heby","flerbostadshus","äganderätt","2016",0
"Heby","flerbostadshus","äganderätt","2017",0
"Heby","flerbostadshus","äganderätt","2018",0
"Heby","flerbostadshus","äganderätt","2019",0
"Heby","flerbostadshus","äganderätt","2020",0
"Heby","flerbostadshus","äganderätt","2021",0
"Heby","flerbostadshus","äganderätt","2022",0
"Heby","flerbostadshus","äganderätt","2023",0
"Heby","flerbostadshus","äganderätt","2024",0
"Heby","småhus","hyresrätt","1991",8
"Heby","småhus","hyresrätt","1992",0
"Heby","småhus","hyresrätt","1993",0
"Heby","småhus","hyresrätt","1994",0
"Heby","småhus","hyresrätt","1995",0
"Heby","småhus","hyresrätt","1996",0
"Heby","småhus","hyresrätt","1997",0
"Heby","småhus","hyresrätt","1998",0
"Heby","småhus","hyresrätt","1999",0
"Heby","småhus","hyresrätt","2000",0
"Heby","småhus","hyresrätt","2001",0
"Heby","småhus","hyresrätt","2002",0
"Heby","småhus","hyresrätt","2003",0
"Heby","småhus","hyresrätt","2004",0
"Heby","småhus","hyresrätt","2005",0
"Heby","småhus","hyresrätt","2006",28
"Heby","småhus","hyresrätt","2007",0
"Heby","småhus","hyresrätt","2008",0
"Heby","småhus","hyresrätt","2009",0
"Heby","småhus","hyresrätt","2010",12
"Heby","småhus","hyresrätt","2011",0
"Heby","småhus","hyresrätt","2012",18
"Heby","småhus","hyresrätt","2013",4
"Heby","småhus","hyresrätt","2014",0
"Heby","småhus","hyresrätt","2015",0
"Heby","småhus","hyresrätt","2016",4
"Heby","småhus","hyresrätt","2017",4
"Heby","småhus","hyresrätt","2018",0
"Heby","småhus","hyresrätt","2019",1
"Heby","småhus","hyresrätt","2020",0
"Heby","småhus","hyresrätt","2021",0
"Heby","småhus","hyresrätt","2022",0
"Heby","småhus","hyresrätt","2023",0
"Heby","småhus","hyresrätt","2024",0
"Heby","småhus","bostadsrätt","1991",12
"Heby","småhus","bostadsrätt","1992",47
"Heby","småhus","bostadsrätt","1993",0
"Heby","småhus","bostadsrätt","1994",0
"Heby","småhus","bostadsrätt","1995",0
"Heby","småhus","bostadsrätt","1996",0
"Heby","småhus","bostadsrätt","1997",0
"Heby","småhus","bostadsrätt","1998",0
"Heby","småhus","bostadsrätt","1999",0
"Heby","småhus","bostadsrätt","2000",0
"Heby","småhus","bostadsrätt","2001",0
"Heby","småhus","bostadsrätt","2002",0
"Heby","småhus","bostadsrätt","2003",0
"Heby","småhus","bostadsrätt","2004",0
"Heby","småhus","bostadsrätt","2005",0
"Heby","småhus","bostadsrätt","2006",0
"Heby","småhus","bostadsrätt","2007",0
"Heby","småhus","bostadsrätt","2008",6
"Heby","småhus","bostadsrätt","2009",0
"Heby","småhus","bostadsrätt","2010",0
"Heby","småhus","bostadsrätt","2011",0
"Heby","småhus","bostadsrätt","2012",0
"Heby","småhus","bostadsrätt","2013",12
"Heby","småhus","bostadsrätt","2014",0
"Heby","småhus","bostadsrätt","2015",10
"Heby","småhus","bostadsrätt","2016",8
"Heby","småhus","bostadsrätt","2017",0
"Heby","småhus","bostadsrätt","2018",10
"Heby","småhus","bostadsrätt","2019",0
"Heby","småhus","bostadsrätt","2020",0
"Heby","småhus","bostadsrätt","2021",0
"Heby","småhus","bostadsrätt","2022",0
"Heby","småhus","bostadsrätt","2023",0
"Heby","småhus","bostadsrätt","2024",0
"Heby","småhus","äganderätt","1991",32
"Heby","småhus","äganderätt","1992",10
"Heby","småhus","äganderätt","1993",6
"Heby","småhus","äganderätt","1994",4
"Heby","småhus","äganderätt","1995",0
"Heby","småhus","äganderätt","1996",2
"Heby","småhus","äganderätt","1997",5
"Heby","småhus","äganderätt","1998",2
"Heby","småhus","äganderätt","1999",2
"Heby","småhus","äganderätt","2000",1
"Heby","småhus","äganderätt","2001",3
"Heby","småhus","äganderätt","2002",2
"Heby","småhus","äganderätt","2003",1
"Heby","småhus","äganderätt","2004",7
"Heby","småhus","äganderätt","2005",6
"Heby","småhus","äganderätt","2006",4
"Heby","småhus","äganderätt","2007",4
"Heby","småhus","äganderätt","2008",20
"Heby","småhus","äganderätt","2009",11
"Heby","småhus","äganderätt","2010",9
"Heby","småhus","äganderätt","2011",3
"Heby","småhus","äganderätt","2012",1
"Heby","småhus","äganderätt","2013",4
"Heby","småhus","äganderätt","2014",3
"Heby","småhus","äganderätt","2015",6
"Heby","småhus","äganderätt","2016",11
"Heby","småhus","äganderätt","2017",22
"Heby","småhus","äganderätt","2018",29
"Heby","småhus","äganderätt","2019",26
"Heby","småhus","äganderätt","2020",13
"Heby","småhus","äganderätt","2021",24
"Heby","småhus","äganderätt","2022",15
"Heby","småhus","äganderätt","2023",11
"Heby","småhus","äganderätt","2024",6
"Tierp","flerbostadshus","hyresrätt","1991",14
"Tierp","flerbostadshus","hyresrätt","1992",8
"Tierp","flerbostadshus","hyresrätt","1993",56
"Tierp","flerbostadshus","hyresrätt","1994",20
"Tierp","flerbostadshus","hyresrätt","1995",20
"Tierp","flerbostadshus","hyresrätt","1996",0
"Tierp","flerbostadshus","hyresrätt","1997",0
"Tierp","flerbostadshus","hyresrätt","1998",4
"Tierp","flerbostadshus","hyresrätt","1999",0
"Tierp","flerbostadshus","hyresrätt","2000",0
"Tierp","flerbostadshus","hyresrätt","2001",0
"Tierp","flerbostadshus","hyresrätt","2002",0
"Tierp","flerbostadshus","hyresrätt","2003",0
"Tierp","flerbostadshus","hyresrätt","2004",0
"Tierp","flerbostadshus","hyresrätt","2005",0
"Tierp","flerbostadshus","hyresrätt","2006",0
"Tierp","flerbostadshus","hyresrätt","2007",0
"Tierp","flerbostadshus","hyresrätt","2008",0
"Tierp","flerbostadshus","hyresrätt","2009",0
"Tierp","flerbostadshus","hyresrätt","2010",0
"Tierp","flerbostadshus","hyresrätt","2011",0
"Tierp","flerbostadshus","hyresrätt","2012",0
"Tierp","flerbostadshus","hyresrätt","2013",0
"Tierp","flerbostadshus","hyresrätt","2014",40
"Tierp","flerbostadshus","hyresrätt","2015",0
"Tierp","flerbostadshus","hyresrätt","2016",0
"Tierp","flerbostadshus","hyresrätt","2017",56
"Tierp","flerbostadshus","hyresrätt","2018",0
"Tierp","flerbostadshus","hyresrätt","2019",58
"Tierp","flerbostadshus","hyresrätt","2020",25
"Tierp","flerbostadshus","hyresrätt","2021",16
"Tierp","flerbostadshus","hyresrätt","2022",12
"Tierp","flerbostadshus","hyresrätt","2023",0
"Tierp","flerbostadshus","hyresrätt","2024",0
"Tierp","flerbostadshus","bostadsrätt","1991",8
"Tierp","flerbostadshus","bostadsrätt","1992",43
"Tierp","flerbostadshus","bostadsrätt","1993",0
"Tierp","flerbostadshus","bostadsrätt","1994",0
"Tierp","flerbostadshus","bostadsrätt","1995",0
"Tierp","flerbostadshus","bostadsrätt","1996",0
"Tierp","flerbostadshus","bostadsrätt","1997",0
"Tierp","flerbostadshus","bostadsrätt","1998",0
"Tierp","flerbostadshus","bostadsrätt","1999",0
"Tierp","flerbostadshus","bostadsrätt","2000",0
"Tierp","flerbostadshus","bostadsrätt","2001",0
"Tierp","flerbostadshus","bostadsrätt","2002",0
"Tierp","flerbostadshus","bostadsrätt","2003",0
"Tierp","flerbostadshus","bostadsrätt","2004",0
"Tierp","flerbostadshus","bostadsrätt","2005",0
"Tierp","flerbostadshus","bostadsrätt","2006",0
"Tierp","flerbostadshus","bostadsrätt","2007",0
"Tierp","flerbostadshus","bostadsrätt","2008",0
"Tierp","flerbostadshus","bostadsrätt","2009",0
"Tierp","flerbostadshus","bostadsrätt","2010",0
"Tierp","flerbostadshus","bostadsrätt","2011",0
"Tierp","flerbostadshus","bostadsrätt","2012",0
"Tierp","flerbostadshus","bostadsrätt","2013",0
"Tierp","flerbostadshus","bostadsrätt","2014",24
"Tierp","flerbostadshus","bostadsrätt","2015",0
"Tierp","flerbostadshus","bostadsrätt","2016",0
"Tierp","flerbostadshus","bostadsrätt","2017",0
"Tierp","flerbostadshus","bostadsrätt","2018",0
"Tierp","flerbostadshus","bostadsrätt","2019",0
"Tierp","flerbostadshus","bostadsrätt","2020",32
"Tierp","flerbostadshus","bostadsrätt","2021",27
"Tierp","flerbostadshus","bostadsrätt","2022",0
"Tierp","flerbostadshus","bostadsrätt","2023",0
"Tierp","flerbostadshus","bostadsrätt","2024",0
"Tierp","flerbostadshus","äganderätt","1991",0
"Tierp","flerbostadshus","äganderätt","1992",0
"Tierp","flerbostadshus","äganderätt","1993",0
"Tierp","flerbostadshus","äganderätt","1994",0
"Tierp","flerbostadshus","äganderätt","1995",0
"Tierp","flerbostadshus","äganderätt","1996",0
"Tierp","flerbostadshus","äganderätt","1997",0
"Tierp","flerbostadshus","äganderätt","1998",0
"Tierp","flerbostadshus","äganderätt","1999",0
"Tierp","flerbostadshus","äganderätt","2000",0
"Tierp","flerbostadshus","äganderätt","2001",0
"Tierp","flerbostadshus","äganderätt","2002",0
"Tierp","flerbostadshus","äganderätt","2003",0
"Tierp","flerbostadshus","äganderätt","2004",0
"Tierp","flerbostadshus","äganderätt","2005",0
"Tierp","flerbostadshus","äganderätt","2006",0
"Tierp","flerbostadshus","äganderätt","2007",0
"Tierp","flerbostadshus","äganderätt","2008",0
"Tierp","flerbostadshus","äganderätt","2009",0
"Tierp","flerbostadshus","äganderätt","2010",0
"Tierp","flerbostadshus","äganderätt","2011",0
"Tierp","flerbostadshus","äganderätt","2012",0
"Tierp","flerbostadshus","äganderätt","2013",0
"Tierp","flerbostadshus","äganderätt","2014",0
"Tierp","flerbostadshus","äganderätt","2015",0
"Tierp","flerbostadshus","äganderätt","2016",0
"Tierp","flerbostadshus","äganderätt","2017",0
"Tierp","flerbostadshus","äganderätt","2018",0
"Tierp","flerbostadshus","äganderätt","2019",0
"Tierp","flerbostadshus","äganderätt","2020",0
"Tierp","flerbostadshus","äganderätt","2021",0
"Tierp","flerbostadshus","äganderätt","2022",0
"Tierp","flerbostadshus","äganderätt","2023",0
"Tierp","flerbostadshus","äganderätt","2024",0
"Tierp","småhus","hyresrätt","1991",6
"Tierp","småhus","hyresrätt","1992",7
"Tierp","småhus","hyresrätt","1993",0
"Tierp","småhus","hyresrätt","1994",0
"Tierp","småhus","hyresrätt","1995",0
"Tierp","småhus","hyresrätt","1996",0
"Tierp","småhus","hyresrätt","1997",0
"Tierp","småhus","hyresrätt","1998",0
"Tierp","småhus","hyresrätt","1999",0
"Tierp","småhus","hyresrätt","2000",0
"Tierp","småhus","hyresrätt","2001",0
"Tierp","småhus","hyresrätt","2002",0
"Tierp","småhus","hyresrätt","2003",0
"Tierp","småhus","hyresrätt","2004",0
"Tierp","småhus","hyresrätt","2005",0
"Tierp","småhus","hyresrätt","2006",0
"Tierp","småhus","hyresrätt","2007",0
"Tierp","småhus","hyresrätt","2008",0
"Tierp","småhus","hyresrätt","2009",0
"Tierp","småhus","hyresrätt","2010",0
"Tierp","småhus","hyresrätt","2011",0
"Tierp","småhus","hyresrätt","2012",0
"Tierp","småhus","hyresrätt","2013",0
"Tierp","småhus","hyresrätt","2014",0
"Tierp","småhus","hyresrätt","2015",0
"Tierp","småhus","hyresrätt","2016",0
"Tierp","småhus","hyresrätt","2017",0
"Tierp","småhus","hyresrätt","2018",0
"Tierp","småhus","hyresrätt","2019",0
"Tierp","småhus","hyresrätt","2020",2
"Tierp","småhus","hyresrätt","2021",1
"Tierp","småhus","hyresrätt","2022",0
"Tierp","småhus","hyresrätt","2023",0
"Tierp","småhus","hyresrätt","2024",8
"Tierp","småhus","bostadsrätt","1991",49
"Tierp","småhus","bostadsrätt","1992",126
"Tierp","småhus","bostadsrätt","1993",0
"Tierp","småhus","bostadsrätt","1994",0
"Tierp","småhus","bostadsrätt","1995",0
"Tierp","småhus","bostadsrätt","1996",0
"Tierp","småhus","bostadsrätt","1997",0
"Tierp","småhus","bostadsrätt","1998",0
"Tierp","småhus","bostadsrätt","1999",0
"Tierp","småhus","bostadsrätt","2000",0
"Tierp","småhus","bostadsrätt","2001",0
"Tierp","småhus","bostadsrätt","2002",0
"Tierp","småhus","bostadsrätt","2003",0
"Tierp","småhus","bostadsrätt","2004",0
"Tierp","småhus","bostadsrätt","2005",0
"Tierp","småhus","bostadsrätt","2006",0
"Tierp","småhus","bostadsrätt","2007",0
"Tierp","småhus","bostadsrätt","2008",0
"Tierp","småhus","bostadsrätt","2009",0
"Tierp","småhus","bostadsrätt","2010",0
"Tierp","småhus","bostadsrätt","2011",0
"Tierp","småhus","bostadsrätt","2012",0
"Tierp","småhus","bostadsrätt","2013",0
"Tierp","småhus","bostadsrätt","2014",0
"Tierp","småhus","bostadsrätt","2015",0
"Tierp","småhus","bostadsrätt","2016",0
"Tierp","småhus","bostadsrätt","2017",0
"Tierp","småhus","bostadsrätt","2018",0
"Tierp","småhus","bostadsrätt","2019",0
"Tierp","småhus","bostadsrätt","2020",0
"Tierp","småhus","bostadsrätt","2021",0
"Tierp","småhus","bostadsrätt","2022",13
"Tierp","småhus","bostadsrätt","2023",1
"Tierp","småhus","bostadsrätt","2024",3
"Tierp","småhus","äganderätt","1991",31
"Tierp","småhus","äganderätt","1992",13
"Tierp","småhus","äganderätt","1993",2
"Tierp","småhus","äganderätt","1994",2
"Tierp","småhus","äganderätt","1995",3
"Tierp","småhus","äganderätt","1996",0
"Tierp","småhus","äganderätt","1997",1
"Tierp","småhus","äganderätt","1998",4
"Tierp","småhus","äganderätt","1999",2
"Tierp","småhus","äganderätt","2000",0
"Tierp","småhus","äganderätt","2001",0
"Tierp","småhus","äganderätt","2002",5
"Tierp","småhus","äganderätt","2003",3
"Tierp","småhus","äganderätt","2004",10
"Tierp","småhus","äganderätt","2005",8
"Tierp","småhus","äganderätt","2006",12
"Tierp","småhus","äganderätt","2007",14
"Tierp","småhus","äganderätt","2008",8
"Tierp","småhus","äganderätt","2009",13
"Tierp","småhus","äganderätt","2010",14
"Tierp","småhus","äganderätt","2011",2
"Tierp","småhus","äganderätt","2012",5
"Tierp","småhus","äganderätt","2013",11
"Tierp","småhus","äganderätt","2014",8
"Tierp","småhus","äganderätt","2015",10
"Tierp","småhus","äganderätt","2016",13
"Tierp","småhus","äganderätt","2017",7
"Tierp","småhus","äganderätt","2018",2
"Tierp","småhus","äganderätt","2019",39
"Tierp","småhus","äganderätt","2020",12
"Tierp","småhus","äganderätt","2021",10
"Tierp","småhus","äganderätt","2022",22
"Tierp","småhus","äganderätt","2023",17
"Tierp","småhus","äganderätt","2024",5
"Uppsala","flerbostadshus","hyresrätt","1991",553
"Uppsala","flerbostadshus","hyresrätt","1992",582
"Uppsala","flerbostadshus","hyresrätt","1993",367
"Uppsala","flerbostadshus","hyresrätt","1994",232
"Uppsala","flerbostadshus","hyresrätt","1995",159
"Uppsala","flerbostadshus","hyresrätt","1996",82
"Uppsala","flerbostadshus","hyresrätt","1997",150
"Uppsala","flerbostadshus","hyresrätt","1998",28
"Uppsala","flerbostadshus","hyresrätt","1999",3
"Uppsala","flerbostadshus","hyresrätt","2000",103
"Uppsala","flerbostadshus","hyresrätt","2001",109
"Uppsala","flerbostadshus","hyresrätt","2002",323
"Uppsala","flerbostadshus","hyresrätt","2003",252
"Uppsala","flerbostadshus","hyresrätt","2004",150
"Uppsala","flerbostadshus","hyresrätt","2005",240
"Uppsala","flerbostadshus","hyresrätt","2006",629
"Uppsala","flerbostadshus","hyresrätt","2007",611
"Uppsala","flerbostadshus","hyresrätt","2008",75
"Uppsala","flerbostadshus","hyresrätt","2009",945
"Uppsala","flerbostadshus","hyresrätt","2010",295
"Uppsala","flerbostadshus","hyresrätt","2011",244
"Uppsala","flerbostadshus","hyresrätt","2012",265
"Uppsala","flerbostadshus","hyresrätt","2013",546
"Uppsala","flerbostadshus","hyresrätt","2014",224
"Uppsala","flerbostadshus","hyresrätt","2015",456
"Uppsala","flerbostadshus","hyresrätt","2016",369
"Uppsala","flerbostadshus","hyresrätt","2017",1059
"Uppsala","flerbostadshus","hyresrätt","2018",866
"Uppsala","flerbostadshus","hyresrätt","2019",1105
"Uppsala","flerbostadshus","hyresrätt","2020",1204
"Uppsala","flerbostadshus","hyresrätt","2021",674
"Uppsala","flerbostadshus","hyresrätt","2022",1239
"Uppsala","flerbostadshus","hyresrätt","2023",1450
"Uppsala","flerbostadshus","hyresrätt","2024",1989
"Uppsala","flerbostadshus","bostadsrätt","1991",356
"Uppsala","flerbostadshus","bostadsrätt","1992",468
"Uppsala","flerbostadshus","bostadsrätt","1993",923
"Uppsala","flerbostadshus","bostadsrätt","1994",81
"Uppsala","flerbostadshus","bostadsrätt","1995",0
"Uppsala","flerbostadshus","bostadsrätt","1996",41
"Uppsala","flerbostadshus","bostadsrätt","1997",124
"Uppsala","flerbostadshus","bostadsrätt","1998",86
"Uppsala","flerbostadshus","bostadsrätt","1999",97
"Uppsala","flerbostadshus","bostadsrätt","2000",45
"Uppsala","flerbostadshus","bostadsrätt","2001",350
"Uppsala","flerbostadshus","bostadsrätt","2002",192
"Uppsala","flerbostadshus","bostadsrätt","2003",307
"Uppsala","flerbostadshus","bostadsrätt","2004",447
"Uppsala","flerbostadshus","bostadsrätt","2005",254
"Uppsala","flerbostadshus","bostadsrätt","2006",475
"Uppsala","flerbostadshus","bostadsrätt","2007",560
"Uppsala","flerbostadshus","bostadsrätt","2008",296
"Uppsala","flerbostadshus","bostadsrätt","2009",468
"Uppsala","flerbostadshus","bostadsrätt","2010",149
"Uppsala","flerbostadshus","bostadsrätt","2011",580
"Uppsala","flerbostadshus","bostadsrätt","2012",89
"Uppsala","flerbostadshus","bostadsrätt","2013",748
"Uppsala","flerbostadshus","bostadsrätt","2014",202
"Uppsala","flerbostadshus","bostadsrätt","2015",371
"Uppsala","flerbostadshus","bostadsrätt","2016",983
"Uppsala","flerbostadshus","bostadsrätt","2017",353
"Uppsala","flerbostadshus","bostadsrätt","2018",986
"Uppsala","flerbostadshus","bostadsrätt","2019",1798
"Uppsala","flerbostadshus","bostadsrätt","2020",732
"Uppsala","flerbostadshus","bostadsrätt","2021",326
"Uppsala","flerbostadshus","bostadsrätt","2022",511
"Uppsala","flerbostadshus","bostadsrätt","2023",1466
"Uppsala","flerbostadshus","bostadsrätt","2024",1046
"Uppsala","flerbostadshus","äganderätt","1991",0
"Uppsala","flerbostadshus","äganderätt","1992",0
"Uppsala","flerbostadshus","äganderätt","1993",0
"Uppsala","flerbostadshus","äganderätt","1994",0
"Uppsala","flerbostadshus","äganderätt","1995",0
"Uppsala","flerbostadshus","äganderätt","1996",0
"Uppsala","flerbostadshus","äganderätt","1997",0
"Uppsala","flerbostadshus","äganderätt","1998",0
"Uppsala","flerbostadshus","äganderätt","1999",0
"Uppsala","flerbostadshus","äganderätt","2000",0
"Uppsala","flerbostadshus","äganderätt","2001",0
"Uppsala","flerbostadshus","äganderätt","2002",0
"Uppsala","flerbostadshus","äganderätt","2003",0
"Uppsala","flerbostadshus","äganderätt","2004",0
"Uppsala","flerbostadshus","äganderätt","2005",0
"Uppsala","flerbostadshus","äganderätt","2006",0
"Uppsala","flerbostadshus","äganderätt","2007",0
"Uppsala","flerbostadshus","äganderätt","2008",0
"Uppsala","flerbostadshus","äganderätt","2009",0
"Uppsala","flerbostadshus","äganderätt","2010",0
"Uppsala","flerbostadshus","äganderätt","2011",0
"Uppsala","flerbostadshus","äganderätt","2012",0
"Uppsala","flerbostadshus","äganderätt","2013",5
"Uppsala","flerbostadshus","äganderätt","2014",4
"Uppsala","flerbostadshus","äganderätt","2015",0
"Uppsala","flerbostadshus","äganderätt","2016",0
"Uppsala","flerbostadshus","äganderätt","2017",0
"Uppsala","flerbostadshus","äganderätt","2018",0
"Uppsala","flerbostadshus","äganderätt","2019",0
"Uppsala","flerbostadshus","äganderätt","2020",36
"Uppsala","flerbostadshus","äganderätt","2021",0
"Uppsala","flerbostadshus","äganderätt","2022",0
"Uppsala","flerbostadshus","äganderätt","2023",0
"Uppsala","flerbostadshus","äganderätt","2024",0
"Uppsala","småhus","hyresrätt","1991",110
"Uppsala","småhus","hyresrätt","1992",29
"Uppsala","småhus","hyresrätt","1993",21
"Uppsala","småhus","hyresrätt","1994",7
"Uppsala","småhus","hyresrätt","1995",27
"Uppsala","småhus","hyresrätt","1996",20
"Uppsala","småhus","hyresrätt","1997",15
"Uppsala","småhus","hyresrätt","1998",1
"Uppsala","småhus","hyresrätt","1999",5
"Uppsala","småhus","hyresrätt","2000",0
"Uppsala","småhus","hyresrätt","2001",1
"Uppsala","småhus","hyresrätt","2002",0
"Uppsala","småhus","hyresrätt","2003",0
"Uppsala","småhus","hyresrätt","2004",4
"Uppsala","småhus","hyresrätt","2005",0
"Uppsala","småhus","hyresrätt","2006",0
"Uppsala","småhus","hyresrätt","2007",0
"Uppsala","småhus","hyresrätt","2008",0
"Uppsala","småhus","hyresrätt","2009",0
"Uppsala","småhus","hyresrätt","2010",2
"Uppsala","småhus","hyresrätt","2011",45
"Uppsala","småhus","hyresrätt","2012",5
"Uppsala","småhus","hyresrätt","2013",0
"Uppsala","småhus","hyresrätt","2014",0
"Uppsala","småhus","hyresrätt","2015",0
"Uppsala","småhus","hyresrätt","2016",0
"Uppsala","småhus","hyresrätt","2017",0
"Uppsala","småhus","hyresrätt","2018",1
"Uppsala","småhus","hyresrätt","2019",4
"Uppsala","småhus","hyresrätt","2020",0
"Uppsala","småhus","hyresrätt","2021",0
"Uppsala","småhus","hyresrätt","2022",1
"Uppsala","småhus","hyresrätt","2023",0
"Uppsala","småhus","hyresrätt","2024",1
"Uppsala","småhus","bostadsrätt","1991",262
"Uppsala","småhus","bostadsrätt","1992",33
"Uppsala","småhus","bostadsrätt","1993",182
"Uppsala","småhus","bostadsrätt","1994",70
"Uppsala","småhus","bostadsrätt","1995",58
"Uppsala","småhus","bostadsrätt","1996",0
"Uppsala","småhus","bostadsrätt","1997",0
"Uppsala","småhus","bostadsrätt","1998",0
"Uppsala","småhus","bostadsrätt","1999",22
"Uppsala","småhus","bostadsrätt","2000",40
"Uppsala","småhus","bostadsrätt","2001",32
"Uppsala","småhus","bostadsrätt","2002",8
"Uppsala","småhus","bostadsrätt","2003",0
"Uppsala","småhus","bostadsrätt","2004",8
"Uppsala","småhus","bostadsrätt","2005",0
"Uppsala","småhus","bostadsrätt","2006",24
"Uppsala","småhus","bostadsrätt","2007",0
"Uppsala","småhus","bostadsrätt","2008",46
"Uppsala","småhus","bostadsrätt","2009",0
"Uppsala","småhus","bostadsrätt","2010",0
"Uppsala","småhus","bostadsrätt","2011",42
"Uppsala","småhus","bostadsrätt","2012",0
"Uppsala","småhus","bostadsrätt","2013",38
"Uppsala","småhus","bostadsrätt","2014",1
"Uppsala","småhus","bostadsrätt","2015",18
"Uppsala","småhus","bostadsrätt","2016",67
"Uppsala","småhus","bostadsrätt","2017",90
"Uppsala","småhus","bostadsrätt","2018",189
"Uppsala","småhus","bostadsrätt","2019",0
"Uppsala","småhus","bostadsrätt","2020",93
"Uppsala","småhus","bostadsrätt","2021",102
"Uppsala","småhus","bostadsrätt","2022",131
"Uppsala","småhus","bostadsrätt","2023",95
"Uppsala","småhus","bostadsrätt","2024",48
"Uppsala","småhus","äganderätt","1991",416
"Uppsala","småhus","äganderätt","1992",190
"Uppsala","småhus","äganderätt","1993",128
"Uppsala","småhus","äganderätt","1994",135
"Uppsala","småhus","äganderätt","1995",81
"Uppsala","småhus","äganderätt","1996",74
"Uppsala","småhus","äganderätt","1997",87
"Uppsala","småhus","äganderätt","1998",70
"Uppsala","småhus","äganderätt","1999",89
"Uppsala","småhus","äganderätt","2000",92
"Uppsala","småhus","äganderätt","2001",109
"Uppsala","småhus","äganderätt","2002",218
"Uppsala","småhus","äganderätt","2003",122
"Uppsala","småhus","äganderätt","2004",505
"Uppsala","småhus","äganderätt","2005",123
"Uppsala","småhus","äganderätt","2006",218
"Uppsala","småhus","äganderätt","2007",273
"Uppsala","småhus","äganderätt","2008",189
"Uppsala","småhus","äganderätt","2009",175
"Uppsala","småhus","äganderätt","2010",233
"Uppsala","småhus","äganderätt","2011",153
"Uppsala","småhus","äganderätt","2012",228
"Uppsala","småhus","äganderätt","2013",192
"Uppsala","småhus","äganderätt","2014",344
"Uppsala","småhus","äganderätt","2015",187
"Uppsala","småhus","äganderätt","2016",258
"Uppsala","småhus","äganderätt","2017",185
"Uppsala","småhus","äganderätt","2018",207
"Uppsala","småhus","äganderätt","2019",180
"Uppsala","småhus","äganderätt","2020",161
"Uppsala","småhus","äganderätt","2021",132
"Uppsala","småhus","äganderätt","2022",232
"Uppsala","småhus","äganderätt","2023",217
"Uppsala","småhus","äganderätt","2024",368
"Enköping","flerbostadshus","hyresrätt","1991",0
"Enköping","flerbostadshus","hyresrätt","1992",124
"Enköping","flerbostadshus","hyresrätt","1993",124
"Enköping","flerbostadshus","hyresrätt","1994",137
"Enköping","flerbostadshus","hyresrätt","1995",10
"Enköping","flerbostadshus","hyresrätt","1996",32
"Enköping","flerbostadshus","hyresrätt","1997",0
"Enköping","flerbostadshus","hyresrätt","1998",32
"Enköping","flerbostadshus","hyresrätt","1999",0
"Enköping","flerbostadshus","hyresrätt","2000",66
"Enköping","flerbostadshus","hyresrätt","2001",1
"Enköping","flerbostadshus","hyresrätt","2002",0
"Enköping","flerbostadshus","hyresrätt","2003",14
"Enköping","flerbostadshus","hyresrätt","2004",0
"Enköping","flerbostadshus","hyresrätt","2005",4
"Enköping","flerbostadshus","hyresrätt","2006",0
"Enköping","flerbostadshus","hyresrätt","2007",129
"Enköping","flerbostadshus","hyresrätt","2008",18
"Enköping","flerbostadshus","hyresrätt","2009",0
"Enköping","flerbostadshus","hyresrätt","2010",35
"Enköping","flerbostadshus","hyresrätt","2011",0
"Enköping","flerbostadshus","hyresrätt","2012",0
"Enköping","flerbostadshus","hyresrätt","2013",11
"Enköping","flerbostadshus","hyresrätt","2014",58
"Enköping","flerbostadshus","hyresrätt","2015",219
"Enköping","flerbostadshus","hyresrätt","2016",26
"Enköping","flerbostadshus","hyresrätt","2017",1
"Enköping","flerbostadshus","hyresrätt","2018",343
"Enköping","flerbostadshus","hyresrätt","2019",174
"Enköping","flerbostadshus","hyresrätt","2020",256
"Enköping","flerbostadshus","hyresrätt","2021",174
"Enköping","flerbostadshus","hyresrätt","2022",156
"Enköping","flerbostadshus","hyresrätt","2023",386
"Enköping","flerbostadshus","hyresrätt","2024",194
"Enköping","flerbostadshus","bostadsrätt","1991",103
"Enköping","flerbostadshus","bostadsrätt","1992",0
"Enköping","flerbostadshus","bostadsrätt","1993",77
"Enköping","flerbostadshus","bostadsrätt","1994",0
"Enköping","flerbostadshus","bostadsrätt","1995",0
"Enköping","flerbostadshus","bostadsrätt","1996",0
"Enköping","flerbostadshus","bostadsrätt","1997",0
"Enköping","flerbostadshus","bostadsrätt","1998",0
"Enköping","flerbostadshus","bostadsrätt","1999",0
"Enköping","flerbostadshus","bostadsrätt","2000",0
"Enköping","flerbostadshus","bostadsrätt","2001",0
"Enköping","flerbostadshus","bostadsrätt","2002",20
"Enköping","flerbostadshus","bostadsrätt","2003",18
"Enköping","flerbostadshus","bostadsrätt","2004",0
"Enköping","flerbostadshus","bostadsrätt","2005",108
"Enköping","flerbostadshus","bostadsrätt","2006",15
"Enköping","flerbostadshus","bostadsrätt","2007",57
"Enköping","flerbostadshus","bostadsrätt","2008",36
"Enköping","flerbostadshus","bostadsrätt","2009",77
"Enköping","flerbostadshus","bostadsrätt","2010",24
"Enköping","flerbostadshus","bostadsrätt","2011",0
"Enköping","flerbostadshus","bostadsrätt","2012",0
"Enköping","flerbostadshus","bostadsrätt","2013",25
"Enköping","flerbostadshus","bostadsrätt","2014",222
"Enköping","flerbostadshus","bostadsrätt","2015",132
"Enköping","flerbostadshus","bostadsrätt","2016",0
"Enköping","flerbostadshus","bostadsrätt","2017",229
"Enköping","flerbostadshus","bostadsrätt","2018",162
"Enköping","flerbostadshus","bostadsrätt","2019",42
"Enköping","flerbostadshus","bostadsrätt","2020",41
"Enköping","flerbostadshus","bostadsrätt","2021",0
"Enköping","flerbostadshus","bostadsrätt","2022",120
"Enköping","flerbostadshus","bostadsrätt","2023",151
"Enköping","flerbostadshus","bostadsrätt","2024",0
"Enköping","flerbostadshus","äganderätt","1991",0
"Enköping","flerbostadshus","äganderätt","1992",0
"Enköping","flerbostadshus","äganderätt","1993",0
"Enköping","flerbostadshus","äganderätt","1994",0
"Enköping","flerbostadshus","äganderätt","1995",0
"Enköping","flerbostadshus","äganderätt","1996",0
"Enköping","flerbostadshus","äganderätt","1997",0
"Enköping","flerbostadshus","äganderätt","1998",0
"Enköping","flerbostadshus","äganderätt","1999",0
"Enköping","flerbostadshus","äganderätt","2000",0
"Enköping","flerbostadshus","äganderätt","2001",0
"Enköping","flerbostadshus","äganderätt","2002",0
"Enköping","flerbostadshus","äganderätt","2003",0
"Enköping","flerbostadshus","äganderätt","2004",0
"Enköping","flerbostadshus","äganderätt","2005",0
"Enköping","flerbostadshus","äganderätt","2006",0
"Enköping","flerbostadshus","äganderätt","2007",0
"Enköping","flerbostadshus","äganderätt","2008",0
"Enköping","flerbostadshus","äganderätt","2009",0
"Enköping","flerbostadshus","äganderätt","2010",0
"Enköping","flerbostadshus","äganderätt","2011",0
"Enköping","flerbostadshus","äganderätt","2012",0
"Enköping","flerbostadshus","äganderätt","2013",0
"Enköping","flerbostadshus","äganderätt","2014",0
"Enköping","flerbostadshus","äganderätt","2015",0
"Enköping","flerbostadshus","äganderätt","2016",0
"Enköping","flerbostadshus","äganderätt","2017",0
"Enköping","flerbostadshus","äganderätt","2018",0
"Enköping","flerbostadshus","äganderätt","2019",0
"Enköping","flerbostadshus","äganderätt","2020",0
"Enköping","flerbostadshus","äganderätt","2021",0
"Enköping","flerbostadshus","äganderätt","2022",1
"Enköping","flerbostadshus","äganderätt","2023",0
"Enköping","flerbostadshus","äganderätt","2024",0
"Enköping","småhus","hyresrätt","1991",50
"Enköping","småhus","hyresrätt","1992",0
"Enköping","småhus","hyresrätt","1993",0
"Enköping","småhus","hyresrätt","1994",2
"Enköping","småhus","hyresrätt","1995",4
"Enköping","småhus","hyresrätt","1996",2
"Enköping","småhus","hyresrätt","1997",0
"Enköping","småhus","hyresrätt","1998",1
"Enköping","småhus","hyresrätt","1999",0
"Enköping","småhus","hyresrätt","2000",6
"Enköping","småhus","hyresrätt","2001",0
"Enköping","småhus","hyresrätt","2002",12
"Enköping","småhus","hyresrätt","2003",0
"Enköping","småhus","hyresrätt","2004",0
"Enköping","småhus","hyresrätt","2005",0
"Enköping","småhus","hyresrätt","2006",0
"Enköping","småhus","hyresrätt","2007",0
"Enköping","småhus","hyresrätt","2008",0
"Enköping","småhus","hyresrätt","2009",0
"Enköping","småhus","hyresrätt","2010",0
"Enköping","småhus","hyresrätt","2011",0
"Enköping","småhus","hyresrätt","2012",0
"Enköping","småhus","hyresrätt","2013",1
"Enköping","småhus","hyresrätt","2014",0
"Enköping","småhus","hyresrätt","2015",0
"Enköping","småhus","hyresrätt","2016",0
"Enköping","småhus","hyresrätt","2017",0
"Enköping","småhus","hyresrätt","2018",0
"Enköping","småhus","hyresrätt","2019",2
"Enköping","småhus","hyresrätt","2020",3
"Enköping","småhus","hyresrätt","2021",8
"Enköping","småhus","hyresrätt","2022",0
"Enköping","småhus","hyresrätt","2023",2
"Enköping","småhus","hyresrätt","2024",2
"Enköping","småhus","bostadsrätt","1991",142
"Enköping","småhus","bostadsrätt","1992",19
"Enköping","småhus","bostadsrätt","1993",18
"Enköping","småhus","bostadsrätt","1994",0
"Enköping","småhus","bostadsrätt","1995",0
"Enköping","småhus","bostadsrätt","1996",0
"Enköping","småhus","bostadsrätt","1997",0
"Enköping","småhus","bostadsrätt","1998",0
"Enköping","småhus","bostadsrätt","1999",0
"Enköping","småhus","bostadsrätt","2000",0
"Enköping","småhus","bostadsrätt","2001",0
"Enköping","småhus","bostadsrätt","2002",0
"Enköping","småhus","bostadsrätt","2003",0
"Enköping","småhus","bostadsrätt","2004",0
"Enköping","småhus","bostadsrätt","2005",4
"Enköping","småhus","bostadsrätt","2006",0
"Enköping","småhus","bostadsrätt","2007",0
"Enköping","småhus","bostadsrätt","2008",0
"Enköping","småhus","bostadsrätt","2009",0
"Enköping","småhus","bostadsrätt","2010",0
"Enköping","småhus","bostadsrätt","2011",0
"Enköping","småhus","bostadsrätt","2012",4
"Enköping","småhus","bostadsrätt","2013",0
"Enköping","småhus","bostadsrätt","2014",0
"Enköping","småhus","bostadsrätt","2015",0
"Enköping","småhus","bostadsrätt","2016",16
"Enköping","småhus","bostadsrätt","2017",106
"Enköping","småhus","bostadsrätt","2018",70
"Enköping","småhus","bostadsrätt","2019",31
"Enköping","småhus","bostadsrätt","2020",53
"Enköping","småhus","bostadsrätt","2021",44
"Enköping","småhus","bostadsrätt","2022",23
"Enköping","småhus","bostadsrätt","2023",87
"Enköping","småhus","bostadsrätt","2024",16
"Enköping","småhus","äganderätt","1991",114
"Enköping","småhus","äganderätt","1992",48
"Enköping","småhus","äganderätt","1993",16
"Enköping","småhus","äganderätt","1994",20
"Enköping","småhus","äganderätt","1995",4
"Enköping","småhus","äganderätt","1996",11
"Enköping","småhus","äganderätt","1997",4
"Enköping","småhus","äganderätt","1998",3
"Enköping","småhus","äganderätt","1999",4
"Enköping","småhus","äganderätt","2000",4
"Enköping","småhus","äganderätt","2001",30
"Enköping","småhus","äganderätt","2002",46
"Enköping","småhus","äganderätt","2003",92
"Enköping","småhus","äganderätt","2004",151
"Enköping","småhus","äganderätt","2005",75
"Enköping","småhus","äganderätt","2006",47
"Enköping","småhus","äganderätt","2007",46
"Enköping","småhus","äganderätt","2008",46
"Enköping","småhus","äganderätt","2009",39
"Enköping","småhus","äganderätt","2010",74
"Enköping","småhus","äganderätt","2011",46
"Enköping","småhus","äganderätt","2012",28
"Enköping","småhus","äganderätt","2013",69
"Enköping","småhus","äganderätt","2014",75
"Enköping","småhus","äganderätt","2015",67
"Enköping","småhus","äganderätt","2016",18
"Enköping","småhus","äganderätt","2017",115
"Enköping","småhus","äganderätt","2018",96
"Enköping","småhus","äganderätt","2019",96
"Enköping","småhus","äganderätt","2020",63
"Enköping","småhus","äganderätt","2021",64
"Enköping","småhus","äganderätt","2022",65
"Enköping","småhus","äganderätt","2023",55
"Enköping","småhus","äganderätt","2024",26
"Östhammar","flerbostadshus","hyresrätt","1991",44
"Östhammar","flerbostadshus","hyresrätt","1992",64
"Östhammar","flerbostadshus","hyresrätt","1993",54
"Östhammar","flerbostadshus","hyresrätt","1994",7
"Östhammar","flerbostadshus","hyresrätt","1995",0
"Östhammar","flerbostadshus","hyresrätt","1996",4
"Östhammar","flerbostadshus","hyresrätt","1997",0
"Östhammar","flerbostadshus","hyresrätt","1998",0
"Östhammar","flerbostadshus","hyresrätt","1999",0
"Östhammar","flerbostadshus","hyresrätt","2000",0
"Östhammar","flerbostadshus","hyresrätt","2001",0
"Östhammar","flerbostadshus","hyresrätt","2002",0
"Östhammar","flerbostadshus","hyresrätt","2003",0
"Östhammar","flerbostadshus","hyresrätt","2004",0
"Östhammar","flerbostadshus","hyresrätt","2005",0
"Östhammar","flerbostadshus","hyresrätt","2006",0
"Östhammar","flerbostadshus","hyresrätt","2007",0
"Östhammar","flerbostadshus","hyresrätt","2008",40
"Östhammar","flerbostadshus","hyresrätt","2009",0
"Östhammar","flerbostadshus","hyresrätt","2010",0
"Östhammar","flerbostadshus","hyresrätt","2011",0
"Östhammar","flerbostadshus","hyresrätt","2012",0
"Östhammar","flerbostadshus","hyresrätt","2013",4
"Östhammar","flerbostadshus","hyresrätt","2014",108
"Östhammar","flerbostadshus","hyresrätt","2015",2
"Östhammar","flerbostadshus","hyresrätt","2016",0
"Östhammar","flerbostadshus","hyresrätt","2017",0
"Östhammar","flerbostadshus","hyresrätt","2018",40
"Östhammar","flerbostadshus","hyresrätt","2019",0
"Östhammar","flerbostadshus","hyresrätt","2020",2
"Östhammar","flerbostadshus","hyresrätt","2021",64
"Östhammar","flerbostadshus","hyresrätt","2022",0
"Östhammar","flerbostadshus","hyresrätt","2023",0
"Östhammar","flerbostadshus","hyresrätt","2024",0
"Östhammar","flerbostadshus","bostadsrätt","1991",180
"Östhammar","flerbostadshus","bostadsrätt","1992",0
"Östhammar","flerbostadshus","bostadsrätt","1993",0
"Östhammar","flerbostadshus","bostadsrätt","1994",0
"Östhammar","flerbostadshus","bostadsrätt","1995",0
"Östhammar","flerbostadshus","bostadsrätt","1996",0
"Östhammar","flerbostadshus","bostadsrätt","1997",0
"Östhammar","flerbostadshus","bostadsrätt","1998",0
"Östhammar","flerbostadshus","bostadsrätt","1999",0
"Östhammar","flerbostadshus","bostadsrätt","2000",0
"Östhammar","flerbostadshus","bostadsrätt","2001",0
"Östhammar","flerbostadshus","bostadsrätt","2002",0
"Östhammar","flerbostadshus","bostadsrätt","2003",0
"Östhammar","flerbostadshus","bostadsrätt","2004",0
"Östhammar","flerbostadshus","bostadsrätt","2005",0
"Östhammar","flerbostadshus","bostadsrätt","2006",0
"Östhammar","flerbostadshus","bostadsrätt","2007",30
"Östhammar","flerbostadshus","bostadsrätt","2008",17
"Östhammar","flerbostadshus","bostadsrätt","2009",6
"Östhammar","flerbostadshus","bostadsrätt","2010",0
"Östhammar","flerbostadshus","bostadsrätt","2011",0
"Östhammar","flerbostadshus","bostadsrätt","2012",0
"Östhammar","flerbostadshus","bostadsrätt","2013",0
"Östhammar","flerbostadshus","bostadsrätt","2014",0
"Östhammar","flerbostadshus","bostadsrätt","2015",27
"Östhammar","flerbostadshus","bostadsrätt","2016",0
"Östhammar","flerbostadshus","bostadsrätt","2017",33
"Östhammar","flerbostadshus","bostadsrätt","2018",33
"Östhammar","flerbostadshus","bostadsrätt","2019",27
"Östhammar","flerbostadshus","bostadsrätt","2020",0
"Östhammar","flerbostadshus","bostadsrätt","2021",0
"Östhammar","flerbostadshus","bostadsrätt","2022",18
"Östhammar","flerbostadshus","bostadsrätt","2023",28
"Östhammar","flerbostadshus","bostadsrätt","2024",0
"Östhammar","flerbostadshus","äganderätt","1991",0
"Östhammar","flerbostadshus","äganderätt","1992",0
"Östhammar","flerbostadshus","äganderätt","1993",0
"Östhammar","flerbostadshus","äganderätt","1994",0
"Östhammar","flerbostadshus","äganderätt","1995",0
"Östhammar","flerbostadshus","äganderätt","1996",0
"Östhammar","flerbostadshus","äganderätt","1997",0
"Östhammar","flerbostadshus","äganderätt","1998",0
"Östhammar","flerbostadshus","äganderätt","1999",0
"Östhammar","flerbostadshus","äganderätt","2000",0
"Östhammar","flerbostadshus","äganderätt","2001",0
"Östhammar","flerbostadshus","äganderätt","2002",0
"Östhammar","flerbostadshus","äganderätt","2003",0
"Östhammar","flerbostadshus","äganderätt","2004",0
"Östhammar","flerbostadshus","äganderätt","2005",0
"Östhammar","flerbostadshus","äganderätt","2006",0
"Östhammar","flerbostadshus","äganderätt","2007",0
"Östhammar","flerbostadshus","äganderätt","2008",0
"Östhammar","flerbostadshus","äganderätt","2009",0
"Östhammar","flerbostadshus","äganderätt","2010",0
"Östhammar","flerbostadshus","äganderätt","2011",0
"Östhammar","flerbostadshus","äganderätt","2012",0
"Östhammar","flerbostadshus","äganderätt","2013",0
"Östhammar","flerbostadshus","äganderätt","2014",0
"Östhammar","flerbostadshus","äganderätt","2015",0
"Östhammar","flerbostadshus","äganderätt","2016",0
"Östhammar","flerbostadshus","äganderätt","2017",0
"Östhammar","flerbostadshus","äganderätt","2018",0
"Östhammar","flerbostadshus","äganderätt","2019",0
"Östhammar","flerbostadshus","äganderätt","2020",0
"Östhammar","flerbostadshus","äganderätt","2021",0
"Östhammar","flerbostadshus","äganderätt","2022",0
"Östhammar","flerbostadshus","äganderätt","2023",0
"Östhammar","flerbostadshus","äganderätt","2024",0
"Östhammar","småhus","hyresrätt","1991",17
"Östhammar","småhus","hyresrätt","1992",2
"Östhammar","småhus","hyresrätt","1993",10
"Östhammar","småhus","hyresrätt","1994",0
"Östhammar","småhus","hyresrätt","1995",0
"Östhammar","småhus","hyresrätt","1996",0
"Östhammar","småhus","hyresrätt","1997",0
"Östhammar","småhus","hyresrätt","1998",0
"Östhammar","småhus","hyresrätt","1999",0
"Östhammar","småhus","hyresrätt","2000",0
"Östhammar","småhus","hyresrätt","2001",0
"Östhammar","småhus","hyresrätt","2002",0
"Östhammar","småhus","hyresrätt","2003",0
"Östhammar","småhus","hyresrätt","2004",0
"Östhammar","småhus","hyresrätt","2005",0
"Östhammar","småhus","hyresrätt","2006",1
"Östhammar","småhus","hyresrätt","2007",6
"Östhammar","småhus","hyresrätt","2008",0
"Östhammar","småhus","hyresrätt","2009",0
"Östhammar","småhus","hyresrätt","2010",0
"Östhammar","småhus","hyresrätt","2011",0
"Östhammar","småhus","hyresrätt","2012",0
"Östhammar","småhus","hyresrätt","2013",0
"Östhammar","småhus","hyresrätt","2014",8
"Östhammar","småhus","hyresrätt","2015",0
"Östhammar","småhus","hyresrätt","2016",0
"Östhammar","småhus","hyresrätt","2017",0
"Östhammar","småhus","hyresrätt","2018",0
"Östhammar","småhus","hyresrätt","2019",0
"Östhammar","småhus","hyresrätt","2020",0
"Östhammar","småhus","hyresrätt","2021",0
"Östhammar","småhus","hyresrätt","2022",0
"Östhammar","småhus","hyresrätt","2023",0
"Östhammar","småhus","hyresrätt","2024",10
"Östhammar","småhus","bostadsrätt","1991",40
"Östhammar","småhus","bostadsrätt","1992",0
"Östhammar","småhus","bostadsrätt","1993",10
"Östhammar","småhus","bostadsrätt","1994",0
"Östhammar","småhus","bostadsrätt","1995",0
"Östhammar","småhus","bostadsrätt","1996",0
"Östhammar","småhus","bostadsrätt","1997",0
"Östhammar","småhus","bostadsrätt","1998",0
"Östhammar","småhus","bostadsrätt","1999",0
"Östhammar","småhus","bostadsrätt","2000",0
"Östhammar","småhus","bostadsrätt","2001",0
"Östhammar","småhus","bostadsrätt","2002",0
"Östhammar","småhus","bostadsrätt","2003",0
"Östhammar","småhus","bostadsrätt","2004",0
"Östhammar","småhus","bostadsrätt","2005",0
"Östhammar","småhus","bostadsrätt","2006",0
"Östhammar","småhus","bostadsrätt","2007",0
"Östhammar","småhus","bostadsrätt","2008",0
"Östhammar","småhus","bostadsrätt","2009",0
"Östhammar","småhus","bostadsrätt","2010",0
"Östhammar","småhus","bostadsrätt","2011",0
"Östhammar","småhus","bostadsrätt","2012",0
"Östhammar","småhus","bostadsrätt","2013",0
"Östhammar","småhus","bostadsrätt","2014",11
"Östhammar","småhus","bostadsrätt","2015",0
"Östhammar","småhus","bostadsrätt","2016",0
"Östhammar","småhus","bostadsrätt","2017",0
"Östhammar","småhus","bostadsrätt","2018",0
"Östhammar","småhus","bostadsrätt","2019",0
"Östhammar","småhus","bostadsrätt","2020",0
"Östhammar","småhus","bostadsrätt","2021",0
"Östhammar","småhus","bostadsrätt","2022",0
"Östhammar","småhus","bostadsrätt","2023",0
"Östhammar","småhus","bostadsrätt","2024",0
"Östhammar","småhus","äganderätt","1991",43
"Östhammar","småhus","äganderätt","1992",13
"Östhammar","småhus","äganderätt","1993",6
"Östhammar","småhus","äganderätt","1994",8
"Östhammar","småhus","äganderätt","1995",6
"Östhammar","småhus","äganderätt","1996",2
"Östhammar","småhus","äganderätt","1997",4
"Östhammar","småhus","äganderätt","1998",5
"Östhammar","småhus","äganderätt","1999",5
"Östhammar","småhus","äganderätt","2000",4
"Östhammar","småhus","äganderätt","2001",0
"Östhammar","småhus","äganderätt","2002",2
"Östhammar","småhus","äganderätt","2003",2
"Östhammar","småhus","äganderätt","2004",54
"Östhammar","småhus","äganderätt","2005",13
"Östhammar","småhus","äganderätt","2006",24
"Östhammar","småhus","äganderätt","2007",35
"Östhammar","småhus","äganderätt","2008",41
"Östhammar","småhus","äganderätt","2009",46
"Östhammar","småhus","äganderätt","2010",53
"Östhammar","småhus","äganderätt","2011",14
"Östhammar","småhus","äganderätt","2012",50
"Östhammar","småhus","äganderätt","2013",23
"Östhammar","småhus","äganderätt","2014",46
"Östhammar","småhus","äganderätt","2015",55
"Östhammar","småhus","äganderätt","2016",66
"Östhammar","småhus","äganderätt","2017",51
"Östhammar","småhus","äganderätt","2018",39
"Östhammar","småhus","äganderätt","2019",30
"Östhammar","småhus","äganderätt","2020",19
"Östhammar","småhus","äganderätt","2021",30
"Östhammar","småhus","äganderätt","2022",26
"Östhammar","småhus","äganderätt","2023",33
"Östhammar","småhus","äganderätt","2024",22
